"Sub-Brand","Sub-Brand"
"Series Name","Series Name"
"Type","Type"
"Handle Material","Handle Material"
"Handle Length","Handle Length"
"Head Weight","Head Weight"
"Claw Style","Claw Style"
"Face","Face"
"Cushioned Grip","Cushioned Grip"
"Handle Style","Handle Style"
"Head Material","Head Material"
"Warranty","Warranty"
"Magnetic","Magnetic"
"UNSPSC","UNSPSC"
"Collection Name","Collection Name"
"Fan Diameter","Fan Diameter"
"Downrod Length","Downrod Length"
"Number of Blades","Number of Blades"
"Reversible Blades","Reversible Blades"
"Blade Finish","Blade Finish"
"Blade Color","Blade Color"
"Housing Color/Finish","Housing Color/Finish"
"Light Kit","Light Kit"
"Number of Bulbs Required","Number of Bulbs Required"
"Number of Lights","Number of Lights"
"Light Bulb Base Type","Light Bulb Base Type"
"Recommended Light Bulb Shape","Recommended Light Bulb Shape"
"Maximum Bulb Wattage","Maximum Bulb Wattage"
"Bulb Type","Bulb Type"
"Remote Control Included","Remote Control Included"
"High Speed Electricity Use","High Speed Electricity Use"
"Mounting Options","Mounting Options"
"Reverse Air Flow","Reverse Air Flow"
"Motor Type","Motor Type"
"Angle Mount Capable","Angle Mount Capable"
"Dual Fan Heads","Dual Fan Heads"
"Wattage Equivalent","Wattage Equivalent"
"UL Safety Listing","UL Safety Listing"
"CSA Safety Listing","CSA Safety Listing"
"ETL Safety Listing","ETL Safety Listing"
"Lowe's Exclusive","Lowe's Exclusive"
"Remote Control","Remote Control"
"Package Quantity","Package Quantity"
"Light Kit Type","Light Kit Type"
"Commercial/Residential","Commercial/Residential"
"ENERGY STAR Certified","ENERGY STAR Certified"
"Airflow","Airflow"
"App Compatibility","App Compatibility"
"Bluetooth Compatibility","Bluetooth Compatibility"
"Voice Controlled","Voice Controlled"
"Wi-Fi Compatibility","Wi-Fi Compatibility"
"Works with Amazon Alexa","Works with Amazon Alexa"
"Works with Android","Works with Android"
"Works with Apple HomeKit","Works with Apple HomeKit"
"Works with the Google Assistant","Works with the Google Assistant"
"Works with Nest","Works with Nest"
"Works with SmartThings","Works with SmartThings"
"Works with iOS","Works with iOS"
"Maximum Height","Maximum Height"
"Minimum Height","Minimum Height"
"Number of Speeds","Number of Speeds"
"Fixture Finish","Fixture Finish"
"Glass Type","Glass Type"
"Shade Material","Shade Material"
"Indoor/Outdoor","Indoor/Outdoor"
"Bulb Installation Type","Bulb Installation Type"
"Style","Style"
"Outdoor Usage Rating","Outdoor Usage Rating"
"Fixture Color Family","Fixture Color Family"
"For Use in Bathrooms","For Use in Bathrooms"
"Oscillating","Oscillating"
"Suggested Room Size","Suggested Room Size"
"For Use in Bedrooms","For Use in Bedrooms"
"For Use in Dining Rooms","For Use in Dining Rooms"
"For Use in Kitchens","For Use in Kitchens"
"For Use in Living Rooms","For Use in Living Rooms"
"Frosted Glass","Frosted Glass"
"Blade Finish","Blade Finish"
"Blade Color","Blade Color"
"Housing Color/Finish","Housing Color/Finish"
"Light Kit","Light Kit"
"Number of Bulbs Required","Number of Bulbs Required"
"Number of Lights","Number of Lights"
"Light Bulb Base Type","Light Bulb Base Type"
"Recommended Light Bulb Shape","Recommended Light Bulb Shape"
"Maximum Bulb Wattage","Maximum Bulb Wattage"
"High Speed Electricity Use","High Speed Electricity Use"
"Mounting Options","Mounting Options"
"Reverse Air Flow","Reverse Air Flow"
"Motor Type","Motor Type"
"Angle Mount Capable","Angle Mount Capable"
"Dual Fan Heads","Dual Fan Heads"
"Wattage Equivalent","Wattage Equivalent"
"Light Kit Type","Light Kit Type"
"Airflow","Airflow"
"Number of Speeds","Number of Speeds"
"Glass Type","Glass Type"
"Shade Material","Shade Material"
"Outdoor Usage Rating","Outdoor Usage Rating"
"For Use in Bathrooms","For Use in Bathrooms"
"Suggested Room Size","Suggested Room Size"
"Bulb Installation Type","Bulb Installation Type"
"For Use in Bedrooms","For Use in Bedrooms"
"For Use in Dining Rooms","For Use in Dining Rooms"
"For Use in Kitchens","For Use in Kitchens"
"For Use in Living Rooms","For Use in Living Rooms"
"Frosted Glass","Frosted Glass"
"Oscillating","Oscillating"
"Blade Finish","Blade Finish"
"Blade Color","Blade Color"
"Housing Color/Finish","Housing Color/Finish"
"Light Kit","Light Kit"
"Number of Bulbs Required","Number of Bulbs Required"
"Number of Lights","Number of Lights"
"Light Bulb Base Type","Light Bulb Base Type"
"Recommended Light Bulb Shape","Recommended Light Bulb Shape"
"Maximum Bulb Wattage","Maximum Bulb Wattage"
"High Speed Electricity Use","High Speed Electricity Use"
"Mounting Options","Mounting Options"
"Reverse Air Flow","Reverse Air Flow"
"Motor Type","Motor Type"
"Angle Mount Capable","Angle Mount Capable"
"Dual Fan Heads","Dual Fan Heads"
"Wattage Equivalent","Wattage Equivalent"
"Light Kit Type","Light Kit Type"
"Airflow","Airflow"
"Number of Speeds","Number of Speeds"
"Shade Material","Shade Material"
"Glass Type","Glass Type"
"Outdoor Usage Rating","Outdoor Usage Rating"
"Suggested Room Size","Suggested Room Size"
"Bulb Installation Type","Bulb Installation Type"
"For Use in Bathrooms","For Use in Bathrooms"
"For Use in Bedrooms","For Use in Bedrooms"
"For Use in Dining Rooms","For Use in Dining Rooms"
"For Use in Kitchens","For Use in Kitchens"
"For Use in Living Rooms","For Use in Living Rooms"
"Frosted Glass","Frosted Glass"
"Oscillating","Oscillating"
"Use Location","Use Location"
"Tintable","Tintable"
"Paint Color Family","Paint Color Family"
"Base Material","Base Material"
"Sheen","Sheen"
"Textured","Textured"
"Enamel","Enamel"
"100 Percent Acrylic","100 Percent Acrylic"
"Dry to Touch","Dry to Touch"
"Container Size","Container Size"
"Actual Net Contents","Actual Net Contents"
"Maximum Coverage Area","Maximum Coverage Area"
"Number of Coats Recommended","Number of Coats Recommended"
"Elastomeric","Elastomeric"
"Scrubbable","Scrubbable"
"Washable","Washable"
"Clean-up Method","Clean-up Method"
"Rust Resistant","Rust Resistant"
"Fade Resistant","Fade Resistant"
"High Heat","High Heat"
"UV Resistant","UV Resistant"
"Mildew Resistant","Mildew Resistant"
"Mold Resistant","Mold Resistant"
"Stain Resistant","Stain Resistant"
"Stain Blocking","Stain Blocking"
"Resists Cracking","Resists Cracking"
"Resists Peeling","Resists Peeling"
"Resists Blistering","Resists Blistering"
"Waterproof","Waterproof"
"Non-Flammable","Non-Flammable"
"Non-Combustible","Non-Combustible"
"Paint and Primer in One","Paint and Primer in One"
"Primer Recommended","Primer Recommended"
"Tint Base","Tint Base"
"Recommended Sprayer Tip Size","Recommended Sprayer Tip Size"
"Recommended Sprayer Pressure","Recommended Sprayer Pressure"
"Flash Point","Flash Point"
"Minimum Working Temperature","Minimum Working Temperature"
"Dry to Re-Coat","Dry to Re-Coat"
"Maximum Working Temperature","Maximum Working Temperature"
"For Use on Decks","For Use on Decks"
"For Use on Fiberglass","For Use on Fiberglass"
"For Use on Porches and Floors","For Use on Porches and Floors"
"For Use on Swimming Pools","For Use on Swimming Pools"
"Kit","Kit"
"Low Odor","Low Odor"
"For Use on Aluminum","For Use on Aluminum"
"For Use on Barn and Fence","For Use on Barn and Fence"
"For Use on Brick","For Use on Brick"
"For Use on Concrete","For Use on Concrete"
"For Use on Doors","For Use on Doors"
"For Use on Garage Doors","For Use on Garage Doors"
"For Use on Masonry","For Use on Masonry"
"For Use on Metal","For Use on Metal"
"For Use on Siding","For Use on Siding"
"For Use on Stone","For Use on Stone"
"For Use on Stucco","For Use on Stucco"
"For Use on Vinyl","For Use on Vinyl"
"For Use on Window Shutters","For Use on Window Shutters"
"For Use on Wood","For Use on Wood"
"Water Resistant","Water Resistant"
"Tintable","Tintable"
"Paint Color Family","Paint Color Family"
"Base Material","Base Material"
"Sheen","Sheen"
"Textured","Textured"
"Enamel","Enamel"
"100 Percent Acrylic","100 Percent Acrylic"
"Dry to Touch","Dry to Touch"
"Container Size","Container Size"
"Actual Net Contents","Actual Net Contents"
"Maximum Coverage Area","Maximum Coverage Area"
"Number of Coats Recommended","Number of Coats Recommended"
"Elastomeric","Elastomeric"
"Scrubbable","Scrubbable"
"Washable","Washable"
"Clean-up Method","Clean-up Method"
"Rust Resistant","Rust Resistant"
"Fade Resistant","Fade Resistant"
"High Heat","High Heat"
"UV Resistant","UV Resistant"
"Mildew Resistant","Mildew Resistant"
"Mold Resistant","Mold Resistant"
"Stain Resistant","Stain Resistant"
"Stain Blocking","Stain Blocking"
"Resists Cracking","Resists Cracking"
"Resists Peeling","Resists Peeling"
"Resists Blistering","Resists Blistering"
"Waterproof","Waterproof"
"Non-Flammable","Non-Flammable"
"Non-Combustible","Non-Combustible"
"Paint and Primer in One","Paint and Primer in One"
"Primer Recommended","Primer Recommended"
"Tint Base","Tint Base"
"Recommended Sprayer Tip Size","Recommended Sprayer Tip Size"
"Recommended Sprayer Pressure","Recommended Sprayer Pressure"
"Flash Point","Flash Point"
"Dry to Re-Coat","Dry to Re-Coat"
"Minimum Working Temperature","Minimum Working Temperature"
"Maximum Working Temperature","Maximum Working Temperature"
"For Use on Barn and Fence","For Use on Barn and Fence"
"For Use on Decks","For Use on Decks"
"For Use on Fiberglass","For Use on Fiberglass"
"For Use on Porches and Floors","For Use on Porches and Floors"
"For Use on Swimming Pools","For Use on Swimming Pools"
"Kit","Kit"
"Low Odor","Low Odor"
"For Use on Aluminum","For Use on Aluminum"
"For Use on Brick","For Use on Brick"
"For Use on Concrete","For Use on Concrete"
"For Use on Doors","For Use on Doors"
"For Use on Garage Doors","For Use on Garage Doors"
"For Use on Masonry","For Use on Masonry"
"For Use on Metal","For Use on Metal"
"For Use on Siding","For Use on Siding"
"For Use on Stone","For Use on Stone"
"For Use on Stucco","For Use on Stucco"
"For Use on Vinyl","For Use on Vinyl"
"For Use on Window Shutters","For Use on Window Shutters"
"For Use on Wood","For Use on Wood"
"Water Resistant","Water Resistant"
"Tintable","Tintable"
"Paint Color Family","Paint Color Family"
"Base Material","Base Material"
"Sheen","Sheen"
"Textured","Textured"
"Enamel","Enamel"
"100 Percent Acrylic","100 Percent Acrylic"
"Dry to Touch","Dry to Touch"
"Container Size","Container Size"
"Actual Net Contents","Actual Net Contents"
"Maximum Coverage Area","Maximum Coverage Area"
"Number of Coats Recommended","Number of Coats Recommended"
"Elastomeric","Elastomeric"
"Scrubbable","Scrubbable"
"Washable","Washable"
"Clean-up Method","Clean-up Method"
"Rust Resistant","Rust Resistant"
"Fade Resistant","Fade Resistant"
"High Heat","High Heat"
"UV Resistant","UV Resistant"
"Mildew Resistant","Mildew Resistant"
"Mold Resistant","Mold Resistant"
"Stain Resistant","Stain Resistant"
"Stain Blocking","Stain Blocking"
"Resists Cracking","Resists Cracking"
"Resists Peeling","Resists Peeling"
"Resists Blistering","Resists Blistering"
"Waterproof","Waterproof"
"Non-Flammable","Non-Flammable"
"Non-Combustible","Non-Combustible"
"Paint and Primer in One","Paint and Primer in One"
"Primer Recommended","Primer Recommended"
"Tint Base","Tint Base"
"Recommended Sprayer Tip Size","Recommended Sprayer Tip Size"
"Dry to Re-Coat","Dry to Re-Coat"
"Flash Point","Flash Point"
"Recommended Sprayer Pressure","Recommended Sprayer Pressure"
"Minimum Working Temperature","Minimum Working Temperature"
"Maximum Working Temperature","Maximum Working Temperature"
"For Use on Decks","For Use on Decks"
"For Use on Doors","For Use on Doors"
"For Use on Fiberglass","For Use on Fiberglass"
"For Use on Garage Doors","For Use on Garage Doors"
"For Use on Porches and Floors","For Use on Porches and Floors"
"For Use on Swimming Pools","For Use on Swimming Pools"
"Kit","Kit"
"Low Odor","Low Odor"
"For Use on Aluminum","For Use on Aluminum"
"For Use on Barn and Fence","For Use on Barn and Fence"
"For Use on Brick","For Use on Brick"
"For Use on Concrete","For Use on Concrete"
"For Use on Masonry","For Use on Masonry"
"For Use on Metal","For Use on Metal"
"For Use on Siding","For Use on Siding"
"For Use on Stone","For Use on Stone"
"For Use on Stucco","For Use on Stucco"
"For Use on Vinyl","For Use on Vinyl"
"For Use on Window Shutters","For Use on Window Shutters"
"For Use on Wood","For Use on Wood"
"Water Resistant","Water Resistant"
"Engine Brand","Engine Brand"
"Engine Torque","Engine Torque"
"Engine Displacement","Engine Displacement"
"Cut Width","Cut Width"
"Transmission Type","Transmission Type"
"Start Type","Start Type"
"Drive Type","Drive Type"
"Speed Control","Speed Control"
"Mulching Capable","Mulching Capable"
"Front Wheel Size","Front Wheel Size"
"Rear Wheel Size","Rear Wheel Size"
"Engine Oil Included","Engine Oil Included"
"California Air Resources Board Compliant","California Air Resources Board Compliant"
"Cut Height Adjustment","Cut Height Adjustment"
"Minimum Cutting Height","Minimum Cutting Height"
"Mower Deck Width","Mower Deck Width"
"Maximum Cutting Height","Maximum Cutting Height"
"Engine Series","Engine Series"
"Package Weight","Package Weight"
"Adjustment Type","Adjustment Type"
"Recommended for Terrain Type","Recommended for Terrain Type"
"Blade Stop System","Blade Stop System"
"Discharge Location","Discharge Location"
"Cutting Range/Yard Size","Cutting Range/Yard Size"
"Bagger Capable","Bagger Capable"
"See product page CRAFTSMAN Honda 160cc Push Mower","See product page CRAFTSMAN Honda 160cc Push Mower"
"CRAFTSMAN 140cc 21-in Push Mower","CRAFTSMAN 140cc 21-in Push Mower"
"Engine Power Rating","Engine Power Rating"
"Honda 160cc","Honda 160cc"
"3-in-1 deck design - mulch, rear bag, or side discharge options included","3-in-1 deck design - mulch, rear bag, or side discharge options included"
"2-in-1 deck design - mulch and rear bag","2-in-1 deck design - mulch and rear bag"
"Drive Type","Drive Type"
"Push","Push"
"Wheel Size","Wheel Size"
"7-in front / 11-in rear","7-in front / 11-in rear"
"Speed Selection","Speed Selection"
"Bagger Included","Bagger Included"
"Yes, with Dust Blocker","Yes, with Dust Blocker"
"See product page CRAFTSMAN Honda 160cc Push Mower","See product page CRAFTSMAN Honda 160cc Push Mower"
"CRAFTSMAN 140cc 21-in Push Mower","CRAFTSMAN 140cc 21-in Push Mower"
"Engine Power Rating","Engine Power Rating"
"Honda 160cc","Honda 160cc"
"3-in-1 deck design - mulch, rear bag, or side discharge options included","3-in-1 deck design - mulch, rear bag, or side discharge options included"
"2-in-1 deck design - mulch and rear bag","2-in-1 deck design - mulch and rear bag"
"Drive Type","Drive Type"
"Push","Push"
"Wheel Size","Wheel Size"
"7-in front / 11-in rear","7-in front / 11-in rear"
"Speed Selection","Speed Selection"
"Bagger Included","Bagger Included"
"Yes, with Dust Blocker","Yes, with Dust Blocker"
"Adjustment Type","Adjustment Type"
"Bagger Included","Bagger Included"
"Battery Amp Hours","Battery Amp Hours"
"Battery Type","Battery Type"
"Battery Voltage","Battery Voltage"
"Blade Stop System","Blade Stop System"
"Brushless","Brushless"
"Charge Time","Charge Time"
"Cut Height Adjustment","Cut Height Adjustment"
"Cut Width","Cut Width"
"Cutting Range/Yard Size","Cutting Range/Yard Size"
"Discharge Location","Discharge Location"
"Drive Type","Drive Type"
"Front Wheel Size","Front Wheel Size"
"Handle Adjustments","Handle Adjustments"
"Maximum Cutting Height","Maximum Cutting Height"
"Minimum Cutting Height","Minimum Cutting Height"
"Mulching Capable","Mulching Capable"
"Number of Batteries Included","Number of Batteries Included"
"Package Weight","Package Weight"
"Rear Wheel Size","Rear Wheel Size"
"Recommended for Terrain Type","Recommended for Terrain Type"
"Removable Battery","Removable Battery"
"Start Type","Start Type"
"Vertical Storage","Vertical Storage"
"Engine Brand","Engine Brand"
"Engine Torque","Engine Torque"
"Engine Displacement","Engine Displacement"
"Cut Width","Cut Width"
"Transmission Type","Transmission Type"
"Start Type","Start Type"
"Drive Type","Drive Type"
"Speed Control","Speed Control"
"Mulching Capable","Mulching Capable"
"Front Wheel Size","Front Wheel Size"
"Rear Wheel Size","Rear Wheel Size"
"Engine Oil Included","Engine Oil Included"
"California Air Resources Board Compliant","California Air Resources Board Compliant"
"Cut Height Adjustment","Cut Height Adjustment"
"Minimum Cutting Height","Minimum Cutting Height"
"Cutting Range/Yard Size","Cutting Range/Yard Size"
"Mower Deck Width","Mower Deck Width"
"Adjustment Type","Adjustment Type"
"Maximum Cutting Height","Maximum Cutting Height"
"Engine Series","Engine Series"
"Package Weight","Package Weight"
"Recommended for Terrain Type","Recommended for Terrain Type"
"Blade Stop System","Blade Stop System"
"Discharge Location","Discharge Location"
"Bagger Capable","Bagger Capable"
"See product page Husqvarna HU800AWDH 22 in. 190cc Honda All-Wheel-Drive Walk Behind Mower","See product page Husqvarna HU800AWDH 22 in. 190cc Honda All-Wheel-Drive Walk Behind Mower"
"See product page Husqvarna LC221RH 21 in. 160cc Honda Rear-Wheel-Drive Walk Behind Mower","See product page Husqvarna LC221RH 21 in. 160cc Honda Rear-Wheel-Drive Walk Behind Mower"
"See product page Husqvarna HU800AWDX/BBC 22 in. 190cc Honda All-Wheel-Drive Walk Behind Mower","See product page Husqvarna HU800AWDX/BBC 22 in. 190cc Honda All-Wheel-Drive Walk Behind Mower"
"See product page Husqvarna L221FH 21 in. 160cc Honda Front-Wheel-Drive Walk Behind Mower","See product page Husqvarna L221FH 21 in. 160cc Honda Front-Wheel-Drive Walk Behind Mower"
"See product page Husqvarna LC221FHE 21 in. 163cc Briggs & Stratton Front-Wheel-Drive Walk Behind Mower","See product page Husqvarna LC221FHE 21 in. 163cc Briggs & Stratton Front-Wheel-Drive Walk Behind Mower"
"See product page Husqvarna HU725AWD/BBC 22 in. 190cc Briggs & Stratton All-Wheel-Drive Walk Behind Mower","See product page Husqvarna HU725AWD/BBC 22 in. 190cc Briggs & Stratton All-Wheel-Drive Walk Behind Mower"
"Husqvarna LC221A 21 in. 163cc Briggs & Stratton All-Wheel-Drive Walk Behind Mower","Husqvarna LC221A 21 in. 163cc Briggs & Stratton All-Wheel-Drive Walk Behind Mower"
"Husqvarna LC221AH 21 in. 163cc All-Wheel-Drive Walk Behind Mower","Husqvarna LC221AH 21 in. 163cc All-Wheel-Drive Walk Behind Mower"
"Husqvarna LC121P 21 in. 163cc Briggs & Stratton Walk Behind Mower","Husqvarna LC121P 21 in. 163cc Briggs & Stratton Walk Behind Mower"
"Husqvarna LC221A 21 in. 163cc Briggs & Stratton All-Wheel-Drive Walk Behind Mower","Husqvarna LC221A 21 in. 163cc Briggs & Stratton All-Wheel-Drive Walk Behind Mower"
"Husqvarna L221A 21 in. 160cc Honda All-Wheel-Drive Walk Behind Mower","Husqvarna L221A 21 in. 160cc Honda All-Wheel-Drive Walk Behind Mower"
"Husqvarna L321AHE, 21 in. 173cc Kohler AWD Gas Lawn Mower","Husqvarna L321AHE, 21 in. 173cc Kohler AWD Gas Lawn Mower"
"Lowe's Item #","Lowe's Item #"
"#632492","#632492"
"#806390","#806390"
"#757529","#757529"
"#953162","#953162"
"#953163","#953163"
"#538029","#538029"
"Ideal for Yard size","Ideal for Yard size"
"Up to ½ acre","Up to ½ acre"
"Up to ½ acre","Up to ½ acre"
"Up to ½ acre","Up to ½ acre"
"Up to 1/4 acre","Up to 1/4 acre"
"Up to 1/4 acre","Up to 1/4 acre"
"Up to ½ acre","Up to ½ acre"
"Engine","Engine"
"Honda","Honda"
"Honda","Honda"
"Honda","Honda"
"Honda","Honda"
"Briggs & Stratton","Briggs & Stratton"
"Briggs & Stratton","Briggs & Stratton"
"Engine displacement","Engine displacement"
"190cc","190cc"
"160cc","160cc"
"190cc","190cc"
"160cc","160cc"
"163cc","163cc"
"190cc","190cc"
"Engine Horsepower","Engine Horsepower"
"4 HP","4 HP"
"4 HP","4 HP"
"3.33 HP","3.33 HP"
"Cutting width","Cutting width"
"22 in.","22 in."
"21 in.","21 in."
"22 in.","22 in."
"21 in.","21 in."
"21 in.","21 in."
"22 in.","22 in."
"Drive type","Drive type"
"AWD","AWD"
"RWD","RWD"
"AWD","AWD"
"FWD","FWD"
"AWD","AWD"
"AWD","AWD"
"Self-propelled","Self-propelled"
"Foldable Handle","Foldable Handle"
"Cut Height Adjustment","Cut Height Adjustment"
"4-Point","4-Point"
"Dual-lever","Dual-lever"
"4-Point","4-Point"
"4-Point","4-Point"
"4-Point","4-Point"
"4-Point","4-Point"
"See product page Husqvarna HU800AWDH 22 in. 190cc Honda All-Wheel-Drive Walk Behind Mower","See product page Husqvarna HU800AWDH 22 in. 190cc Honda All-Wheel-Drive Walk Behind Mower"
"See product page Husqvarna LC221RH 21 in. 160cc Honda Rear-Wheel-Drive Walk Behind Mower","See product page Husqvarna LC221RH 21 in. 160cc Honda Rear-Wheel-Drive Walk Behind Mower"
"See product page Husqvarna HU800AWDX/BBC 22 in. 190cc Honda All-Wheel-Drive Walk Behind Mower","See product page Husqvarna HU800AWDX/BBC 22 in. 190cc Honda All-Wheel-Drive Walk Behind Mower"
"See product page Husqvarna L221FH 21 in. 160cc Honda Front-Wheel-Drive Walk Behind Mower","See product page Husqvarna L221FH 21 in. 160cc Honda Front-Wheel-Drive Walk Behind Mower"
"See product page Husqvarna LC221FHE 21 in. 163cc Briggs & Stratton Front-Wheel-Drive Walk Behind Mower","See product page Husqvarna LC221FHE 21 in. 163cc Briggs & Stratton Front-Wheel-Drive Walk Behind Mower"
"See product page Husqvarna HU725AWD/BBC 22 in. 190cc Briggs & Stratton All-Wheel-Drive Walk Behind Mower","See product page Husqvarna HU725AWD/BBC 22 in. 190cc Briggs & Stratton All-Wheel-Drive Walk Behind Mower"
"Husqvarna LC221A 21 in. 163cc Briggs & Stratton All-Wheel-Drive Walk Behind Mower","Husqvarna LC221A 21 in. 163cc Briggs & Stratton All-Wheel-Drive Walk Behind Mower"
"Husqvarna LC221AH 21 in. 163cc All-Wheel-Drive Walk Behind Mower","Husqvarna LC221AH 21 in. 163cc All-Wheel-Drive Walk Behind Mower"
"Husqvarna LC121P 21 in. 163cc Briggs & Stratton Walk Behind Mower","Husqvarna LC121P 21 in. 163cc Briggs & Stratton Walk Behind Mower"
"Husqvarna LC221A 21 in. 163cc Briggs & Stratton All-Wheel-Drive Walk Behind Mower","Husqvarna LC221A 21 in. 163cc Briggs & Stratton All-Wheel-Drive Walk Behind Mower"
"Husqvarna L221A 21 in. 160cc Honda All-Wheel-Drive Walk Behind Mower","Husqvarna L221A 21 in. 160cc Honda All-Wheel-Drive Walk Behind Mower"
"Husqvarna L321AHE, 21 in. 173cc Kohler AWD Gas Lawn Mower","Husqvarna L321AHE, 21 in. 173cc Kohler AWD Gas Lawn Mower"
"Lowe's Item #","Lowe's Item #"
"#632492","#632492"
"#806390","#806390"
"#757529","#757529"
"#953162","#953162"
"#953163","#953163"
"#538029","#538029"
"Ideal for Yard size","Ideal for Yard size"
"Up to ½ acre","Up to ½ acre"
"Up to ½ acre","Up to ½ acre"
"Up to ½ acre","Up to ½ acre"
"Up to 1/4 acre","Up to 1/4 acre"
"Up to 1/4 acre","Up to 1/4 acre"
"Up to ½ acre","Up to ½ acre"
"Engine","Engine"
"Honda","Honda"
"Honda","Honda"
"Honda","Honda"
"Honda","Honda"
"Briggs & Stratton","Briggs & Stratton"
"Briggs & Stratton","Briggs & Stratton"
"Engine displacement","Engine displacement"
"190cc","190cc"
"160cc","160cc"
"190cc","190cc"
"160cc","160cc"
"163cc","163cc"
"190cc","190cc"
"Engine Horsepower","Engine Horsepower"
"4 HP","4 HP"
"4 HP","4 HP"
"3.33 HP","3.33 HP"
"Cutting width","Cutting width"
"22 in.","22 in."
"21 in.","21 in."
"22 in.","22 in."
"21 in.","21 in."
"21 in.","21 in."
"22 in.","22 in."
"Drive type","Drive type"
"AWD","AWD"
"RWD","RWD"
"AWD","AWD"
"FWD","FWD"
"AWD","AWD"
"AWD","AWD"
"Self-propelled","Self-propelled"
"Foldable Handle","Foldable Handle"
"Cut Height Adjustment","Cut Height Adjustment"
"4-Point","4-Point"
"Dual-lever","Dual-lever"
"4-Point","4-Point"
"4-Point","4-Point"
"4-Point","4-Point"
"4-Point","4-Point"
"Bag Capacity Quantity by Dry Volume","Bag Capacity Quantity by Dry Volume"
"Bag Capacity Unit of Measure","Bag Capacity Unit of Measure"
"Mulch Type","Mulch Type"
"Contains Herbicide","Contains Herbicide"
"Contains Insecticide","Contains Insecticide"
"Controls Moisture","Controls Moisture"
"Certified for Playgrounds","Certified for Playgrounds"
"Guarantee","Guarantee"
"EPA Registration Number","EPA Registration Number"
"Organic","Organic"
"Primary Usage","Primary Usage"
"Sq. Ft. Coverage at 2-Inch Depth","Sq. Ft. Coverage at 2-Inch Depth"
"Texture","Texture"
"Shipping Option","Shipping Option"
"Made from Recycled Material","Made from Recycled Material"
"Biodegradable","Biodegradable"
"Bag Capacity Quantity by Dry Volume","Bag Capacity Quantity by Dry Volume"
"Bag Capacity Unit of Measure","Bag Capacity Unit of Measure"
"Mulch Type","Mulch Type"
"Contains Herbicide","Contains Herbicide"
"Contains Insecticide","Contains Insecticide"
"Controls Moisture","Controls Moisture"
"Certified for Playgrounds","Certified for Playgrounds"
"Guarantee","Guarantee"
"EPA Registration Number","EPA Registration Number"
"Organic","Organic"
"Primary Usage","Primary Usage"
"Sq. Ft. Coverage at 2-Inch Depth","Sq. Ft. Coverage at 2-Inch Depth"
"Texture","Texture"
"Biodegradable","Biodegradable"
"Bag Capacity Quantity by Dry Volume","Bag Capacity Quantity by Dry Volume"
"Bag Capacity Unit of Measure","Bag Capacity Unit of Measure"
"Mulch Type","Mulch Type"
"Contains Herbicide","Contains Herbicide"
"Contains Insecticide","Contains Insecticide"
"Controls Moisture","Controls Moisture"
"Certified for Playgrounds","Certified for Playgrounds"
"Guarantee","Guarantee"
"EPA Registration Number","EPA Registration Number"
"Organic","Organic"
"Primary Usage","Primary Usage"
"Sq. Ft. Coverage at 2-Inch Depth","Sq. Ft. Coverage at 2-Inch Depth"
"Texture","Texture"
"Shipping Option","Shipping Option"
"Made from Recycled Material","Made from Recycled Material"
"Biodegradable","Biodegradable"
"Adjustable Height","Adjustable Height"
"Amps","Amps"
"Best Use","Best Use"
"Cutting Swath","Cutting Swath"
"Edger Capable","Edger Capable"
"Line Feed","Line Feed"
"Package Contents","Package Contents"
"Recommended Line Diameter","Recommended Line Diameter"
"Shaft Length","Shaft Length"
"Shaft Type","Shaft Type"
"Single or Dual Line Feed","Single or Dual Line Feed"
"Adjustable Height","Adjustable Height"
"Battery Included","Battery Included"
"Battery Recharge Time","Battery Recharge Time"
"Battery Voltage","Battery Voltage"
"Best Use","Best Use"
"Brushless","Brushless"
"Cutting Swath","Cutting Swath"
"Edger Capable","Edger Capable"
"Fast Charger Included","Fast Charger Included"
"Line Feed","Line Feed"
"Number of Batteries Included","Number of Batteries Included"
"Package Contents","Package Contents"
"Recommended Line Diameter","Recommended Line Diameter"
"Shaft Length","Shaft Length"
"Shaft Type","Shaft Type"
"Single or Dual Line Feed","Single or Dual Line Feed"
"Adjustable Height","Adjustable Height"
"Amps","Amps"
"Best Use","Best Use"
"Cutting Swath","Cutting Swath"
"Edger Capable","Edger Capable"
"Line Feed","Line Feed"
"Package Contents","Package Contents"
"Recommended Line Diameter","Recommended Line Diameter"
"Shaft Length","Shaft Length"
"Shaft Type","Shaft Type"
"Single or Dual Line Feed","Single or Dual Line Feed"
"See product page 8 Amp 12-Inch Electric Snow Shovel","See product page 8 Amp 12-Inch Electric Snow Shovel"
"See product page 4 Amp 22-Inch Corded Rotating Hedge Trimmer","See product page 4 Amp 22-Inch Corded Rotating Hedge Trimmer"
"10A 18-Inch Corded String Trimmer, Gas Attachment Capable","10A 18-Inch Corded String Trimmer, Gas Attachment Capable"
"9A 14-Inch Corded Chainsaw","9A 14-Inch Corded Chainsaw"
"Model Number","Model Number"
"GBSS0800","GBSS0800"
"22122","22122"
"See product page 8 Amp 12-Inch Electric Snow Shovel","See product page 8 Amp 12-Inch Electric Snow Shovel"
"See product page 4 Amp 22-Inch Corded Rotating Hedge Trimmer","See product page 4 Amp 22-Inch Corded Rotating Hedge Trimmer"
"10A 18-Inch Corded String Trimmer, Gas Attachment Capable","10A 18-Inch Corded String Trimmer, Gas Attachment Capable"
"9A 14-Inch Corded Chainsaw","9A 14-Inch Corded Chainsaw"
"Model Number","Model Number"
"GBSS0800","GBSS0800"
"22122","22122"
"Sink Mount Type","Sink Mount Type"
"Corner Installation","Corner Installation"
"Number of Basins","Number of Basins"
"Bowl Configuration","Bowl Configuration"
"Depth of Bowl 1","Depth of Bowl 1"
"Depth of Bowl 2","Depth of Bowl 2"
"Depth of Bowl 3","Depth of Bowl 3"
"Length","Length"
"Sink Gauge","Sink Gauge"
"Minimum Cabinet Size","Minimum Cabinet Size"
"Cutout Below Counter Height","Cutout Below Counter Height"
"Cutout Width","Cutout Width"
"Cutout Length","Cutout Length"
"Number of Faucet Holes","Number of Faucet Holes"
"Heat Resistance in Degrees F","Heat Resistance in Degrees F"
"Noise Insulation","Noise Insulation"
"All-in-One Kit","All-in-One Kit"
"Faucet Included","Faucet Included"
"Manufacturer Faucet Finish","Manufacturer Faucet Finish"
"Drain Included","Drain Included"
"Drain Location","Drain Location"
"Mounting Hardware Included","Mounting Hardware Included"
"Items Required for Assembly","Items Required for Assembly"
"NSF Safety Listing","NSF Safety Listing"
"Drainboard Included","Drainboard Included"
"Trough","Trough"
"Number of Sinks","Number of Sinks"
"Apron Height","Apron Height"
"Compatible with Garbage Disposals","Compatible with Garbage Disposals"
"Sink Mount Type","Sink Mount Type"
"Corner Installation","Corner Installation"
"Number of Basins","Number of Basins"
"Bowl Configuration","Bowl Configuration"
"Depth of Bowl 1","Depth of Bowl 1"
"Depth of Bowl 2","Depth of Bowl 2"
"Depth of Bowl 3","Depth of Bowl 3"
"Length","Length"
"Sink Gauge","Sink Gauge"
"Minimum Cabinet Size","Minimum Cabinet Size"
"Cutout Below Counter Height","Cutout Below Counter Height"
"Cutout Width","Cutout Width"
"Cutout Length","Cutout Length"
"Number of Faucet Holes","Number of Faucet Holes"
"Max Flow Rate","Max Flow Rate"
"Heat Resistance in Degrees F","Heat Resistance in Degrees F"
"Noise Insulation","Noise Insulation"
"All-in-One Kit","All-in-One Kit"
"Faucet Included","Faucet Included"
"Manufacturer Faucet Finish","Manufacturer Faucet Finish"
"Drain Included","Drain Included"
"Drain Location","Drain Location"
"Mounting Hardware Included","Mounting Hardware Included"
"Items Required for Assembly","Items Required for Assembly"
"NSF Safety Listing","NSF Safety Listing"
"Drainboard Included","Drainboard Included"
"Trough","Trough"
"Number of Sinks","Number of Sinks"
"Apron Height","Apron Height"
"Compatible with Garbage Disposals","Compatible with Garbage Disposals"
"Sink Mount Type","Sink Mount Type"
"Corner Installation","Corner Installation"
"Number of Basins","Number of Basins"
"Bowl Configuration","Bowl Configuration"
"Depth of Bowl 1","Depth of Bowl 1"
"Depth of Bowl 2","Depth of Bowl 2"
"Depth of Bowl 3","Depth of Bowl 3"
"Length","Length"
"Sink Gauge","Sink Gauge"
"Minimum Cabinet Size","Minimum Cabinet Size"
"Cutout Below Counter Height","Cutout Below Counter Height"
"Cutout Width","Cutout Width"
"Cutout Length","Cutout Length"
"Number of Faucet Holes","Number of Faucet Holes"
"Heat Resistance in Degrees F","Heat Resistance in Degrees F"
"Noise Insulation","Noise Insulation"
"All-in-One Kit","All-in-One Kit"
"Faucet Included","Faucet Included"
"Manufacturer Faucet Finish","Manufacturer Faucet Finish"
"Drain Included","Drain Included"
"Drain Location","Drain Location"
"Mounting Hardware Included","Mounting Hardware Included"
"Items Required for Assembly","Items Required for Assembly"
"NSF Safety Listing","NSF Safety Listing"
"Drainboard Included","Drainboard Included"
"Trough","Trough"
"Number of Sinks","Number of Sinks"
"Apron Height","Apron Height"
"Compatible with Garbage Disposals","Compatible with Garbage Disposals"
"Table Shape","Table Shape"
"Frame Type","Frame Type"
"Frame Material","Frame Material"
"Frame Color/Finish","Frame Color/Finish"
"Wicker/Rattan","Wicker/Rattan"
"Table Top Material","Table Top Material"
"Table Top Color/Finish","Table Top Color/Finish"
"Seating Capacity","Seating Capacity"
"Extendable Table","Extendable Table"
"Folding","Folding"
"Umbrella Hole","Umbrella Hole"
"FSC Certified Wood","FSC Certified Wood"
"Assembled Length","Assembled Length"
"Table Weight","Table Weight"
"Furniture Type","Furniture Type"
"Frame Type","Frame Type"
"Frame Material","Frame Material"
"Frame Color/Finish","Frame Color/Finish"
"Wicker/Rattan","Wicker/Rattan"
"Frame Warranty","Frame Warranty"
"FSC Certified Wood","FSC Certified Wood"
"Seat Type","Seat Type"
"Cushion Included","Cushion Included"
"Cushion Thickness","Cushion Thickness"
"Fabric Brand Name","Fabric Brand Name"
"Fabric Material","Fabric Material"
"Primary Fabric Color","Primary Fabric Color"
"Fabric Pattern/Color Name","Fabric Pattern/Color Name"
"Fabric Warranty","Fabric Warranty"
"Motion","Motion"
"Stackable","Stackable"
"Folding","Folding"
"Number of Chairs Included","Number of Chairs Included"
"Seat Height","Seat Height"
"Seat Width","Seat Width"
"Seat Depth","Seat Depth"
"Seat Back Height","Seat Back Height"
"Seat Back Width","Seat Back Width"
"Weight Capacity","Weight Capacity"
"Chair Weight","Chair Weight"
"Furniture Type","Furniture Type"
"Furniture Type","Furniture Type"
"Seating Capacity","Seating Capacity"
"Number of Pieces in Set","Number of Pieces in Set"
"Number of Ottomans Included","Number of Ottomans Included"
"Ottoman Dimensions","Ottoman Dimensions"
"Number of Sofas Included","Number of Sofas Included"
"Sofa Dimensions","Sofa Dimensions"
"Number of Loveseats Included","Number of Loveseats Included"
"Loveseat Dimensions","Loveseat Dimensions"
"Number of Tables Included","Number of Tables Included"
"Coffee Table Dimensions","Coffee Table Dimensions"
"Side Table Dimensions","Side Table Dimensions"
"Number of Chairs Included","Number of Chairs Included"
"Chair Dimensions","Chair Dimensions"
"Number of Sectional Pieces","Number of Sectional Pieces"
"Number of Cushions Included","Number of Cushions Included"
"Fabric Brand Name","Fabric Brand Name"
"Fabric Material","Fabric Material"
"Primary Fabric Color","Primary Fabric Color"
"Fabric Pattern/Color Name","Fabric Pattern/Color Name"
"Fabric Warranty","Fabric Warranty"
"Frame Color/Finish Name","Frame Color/Finish Name"
"Frame Warranty","Frame Warranty"
"Frame Color/Finish","Frame Color/Finish"
"Frame Type","Frame Type"
"Chair Material","Chair Material"
"Chair Type","Chair Type"
"Table Top Material","Table Top Material"
"Table Material","Table Material"
"Table Type","Table Type"
"Wicker/Rattan","Wicker/Rattan"
"Motion","Motion"
"Fabric Color Name","Fabric Color Name"
"Patio Furniture Color/Finish","Patio Furniture Color/Finish"
"Cushion Included","Cushion Included"
"Cushion Color","Cushion Color"
"Furniture Type","Furniture Type"
"Seating Capacity","Seating Capacity"
"Number of Pieces in Set","Number of Pieces in Set"
"Number of Ottomans Included","Number of Ottomans Included"
"Ottoman Dimensions","Ottoman Dimensions"
"Number of Sofas Included","Number of Sofas Included"
"Sofa Dimensions","Sofa Dimensions"
"Number of Loveseats Included","Number of Loveseats Included"
"Loveseat Dimensions","Loveseat Dimensions"
"Number of Tables Included","Number of Tables Included"
"Coffee Table Dimensions","Coffee Table Dimensions"
"Side Table Dimensions","Side Table Dimensions"
"Number of Chairs Included","Number of Chairs Included"
"Chair Dimensions","Chair Dimensions"
"Number of Sectional Pieces","Number of Sectional Pieces"
"Number of Cushions Included","Number of Cushions Included"
"Fabric Brand Name","Fabric Brand Name"
"Fabric Material","Fabric Material"
"Primary Fabric Color","Primary Fabric Color"
"Fabric Pattern/Color Name","Fabric Pattern/Color Name"
"Fabric Warranty","Fabric Warranty"
"Frame Color/Finish Name","Frame Color/Finish Name"
"Frame Warranty","Frame Warranty"
"Frame Color/Finish","Frame Color/Finish"
"Frame Type","Frame Type"
"Chair Material","Chair Material"
"Chair Type","Chair Type"
"Table Top Material","Table Top Material"
"Table Material","Table Material"
"Table Type","Table Type"
"Wicker/Rattan","Wicker/Rattan"
"Motion","Motion"
"Fabric Color Name","Fabric Color Name"
"Patio Furniture Color/Finish","Patio Furniture Color/Finish"
"Cushion Included","Cushion Included"
"Cushion Color","Cushion Color"
"Furniture Type","Furniture Type"
"Seating Capacity","Seating Capacity"
"Number of Pieces in Set","Number of Pieces in Set"
"Number of Ottomans Included","Number of Ottomans Included"
"Ottoman Dimensions","Ottoman Dimensions"
"Number of Sofas Included","Number of Sofas Included"
"Sofa Dimensions","Sofa Dimensions"
"Number of Loveseats Included","Number of Loveseats Included"
"Loveseat Dimensions","Loveseat Dimensions"
"Number of Tables Included","Number of Tables Included"
"Coffee Table Dimensions","Coffee Table Dimensions"
"Side Table Dimensions","Side Table Dimensions"
"Number of Chairs Included","Number of Chairs Included"
"Chair Dimensions","Chair Dimensions"
"Number of Sectional Pieces","Number of Sectional Pieces"
"Number of Cushions Included","Number of Cushions Included"
"Fabric Brand Name","Fabric Brand Name"
"Fabric Material","Fabric Material"
"Primary Fabric Color","Primary Fabric Color"
"Fabric Pattern/Color Name","Fabric Pattern/Color Name"
"Fabric Warranty","Fabric Warranty"
"Frame Color/Finish Name","Frame Color/Finish Name"
"Frame Warranty","Frame Warranty"
"Frame Color/Finish","Frame Color/Finish"
"Frame Type","Frame Type"
"Chair Material","Chair Material"
"Chair Type","Chair Type"
"Table Top Material","Table Top Material"
"Table Material","Table Material"
"Table Type","Table Type"
"Wicker/Rattan","Wicker/Rattan"
"Motion","Motion"
"Fabric Color Name","Fabric Color Name"
"Patio Furniture Color/Finish","Patio Furniture Color/Finish"
"Cushion Included","Cushion Included"
"Cushion Color","Cushion Color"
"Tarp Material","Tarp Material"
"Drop Cloth Weight","Drop Cloth Weight"
"Drop Cloth Thickness","Drop Cloth Thickness"
"Actual Length","Actual Length"
"Actual Width","Actual Width"
"Common Length","Common Length"
"Common Width","Common Width"
"Multiple Sizes","Multiple Sizes"
"Textile Information","Textile Information"
"Washable","Washable"
"Technology","Technology"
"Image Encryption","Image Encryption"
"Image Type","Image Type"
"Night Vision Capable","Night Vision Capable"
"Night Vision Range","Night Vision Range"
"Record Capable","Record Capable"
"External Memory","External Memory"
"Two-way Communication","Two-way Communication"
"Audio Microphone","Audio Microphone"
"Audio Speaker","Audio Speaker"
"Connectivity","Connectivity"
"Total Cameras Supported","Total Cameras Supported"
"Video Output","Video Output"
"Monitor Size","Monitor Size"
"Viewing Modes","Viewing Modes"
"Touchscreen Monitor","Touchscreen Monitor"
"Audio Detection","Audio Detection"
"Image Zoom","Image Zoom"
"Wall Mount Included","Wall Mount Included"
"Number of Cameras Included","Number of Cameras Included"
"Kit","Kit"
"Output to TV","Output to TV"
"Output to DVR","Output to DVR"
"Output to Mobile","Output to Mobile"
"Output to Computer","Output to Computer"
"Installation Required","Installation Required"
"Facial Recognition","Facial Recognition"
"Hub Required","Hub Required"
"Internal Memory","Internal Memory"
"Used For","Used For"
"Motion Sensor","Motion Sensor"
"Hardware Finish","Hardware Finish"
"Latch Type","Latch Type"
"Mounting Hardware Included","Mounting Hardware Included"
"Width","Width"
"Length","Length"
"Featured Collection","Featured Collection"
"Seat Height","Seat Height"
"Seat Length","Seat Length"
"Seat Width","Seat Width"
"Weight Capacity","Weight Capacity"
"Folding","Folding"
"Frame Material","Frame Material"
"Primary Material","Primary Material"
"Wood Species","Wood Species"
"Metal Type","Metal Type"
"Weave Type","Weave Type"
"Plastic Type","Plastic Type"
"Fabric Material","Fabric Material"
"Corner Cabinet Type","Corner Cabinet Type"
"Door Style","Door Style"
"Panel Style","Panel Style"
"Finish","Finish"
"Wood Species","Wood Species"
"Box Construction","Box Construction"
"Drawer Construction","Drawer Construction"
"Number of Doors","Number of Doors"
"Number of Drawers","Number of Drawers"
"Number of Shelves","Number of Shelves"
"Adjustable Shelves","Adjustable Shelves"
"Door Overlay","Door Overlay"
"Assembly","Assembly"
"Configuration","Configuration"
"Fronts Sold Separately","Fronts Sold Separately"
"Horsepower","Horsepower"
"Water Flow","Water Flow"
"Volts","Volts"
"Impeller Material","Impeller Material"
"Inlet Diameter","Inlet Diameter"
"Outlet Diameter","Outlet Diameter"
"Cord Length","Cord Length"
"Application","Application"
"Package Contents","Package Contents"
"Power Source","Power Source"
"Amperage","Amperage"
"Inlet Connection","Inlet Connection"
"Battery Voltage","Battery Voltage"
"Outlet Connection","Outlet Connection"
"Sub Type","Sub Type"
"Switch Type","Switch Type"
"Submersible","Submersible"
"Capacity","Capacity"
"Unit of Measure","Unit of Measure"
"BPA-Free","BPA-Free"
"Diameter","Diameter"
"Primary Container Material","Primary Container Material"
"Dishwasher-Safe","Dishwasher-Safe"
"Length","Length"
"Package Contents","Package Contents"
"Compatible with Oil Fuel Types","Compatible with Oil Fuel Types"
"Compatible with Gas Fuel Types","Compatible with Gas Fuel Types"
"Compatible with Electric Fuel Types","Compatible with Electric Fuel Types"
"Supports Single-Stage Heating","Supports Single-Stage Heating"
"Supports Single-Stage Cooling","Supports Single-Stage Cooling"
"Supports Multi-Stage Heating","Supports Multi-Stage Heating"
"Supports Multi-Stage Cooling","Supports Multi-Stage Cooling"
"Control Type","Control Type"
"Battery Type","Battery Type"
"Auto-Away Mode","Auto-Away Mode"
"Proximity Sensor","Proximity Sensor"
"Outdoor Weather Sensor","Outdoor Weather Sensor"
"Energy History Indicator","Energy History Indicator"
"Package Contents","Package Contents"
"Compatible with 24V Heating","Compatible with 24V Heating"
"Compatible with 24V Cooling","Compatible with 24V Cooling"
"Program Periods per Day","Program Periods per Day"
"Auto System Change from Heat to Cool","Auto System Change from Heat to Cool"
"Temperature Displayed","Temperature Displayed"
"High/Low Desired Temperature Limits","High/Low Desired Temperature Limits"
"Temporary Vacation Override","Temporary Vacation Override"
"Hold Temperature Button","Hold Temperature Button"
"Early-Start Comfort Function","Early-Start Comfort Function"
"Filter Monitor","Filter Monitor"
"Daylight Savings Time Ready","Daylight Savings Time Ready"
"Compatible with Aux/Emergency Heat Pump","Compatible with Aux/Emergency Heat Pump"
"Compatible with Humidifier/Dehumidifier","Compatible with Humidifier/Dehumidifier"
"Mounting Hardware Included","Mounting Hardware Included"
"Battery Size","Battery Size"
"Backlit Display","Backlit Display"
"Displays Weather Forecast","Displays Weather Forecast"
"Batteries Included","Batteries Included"
"Built-In Z-Wave","Built-In Z-Wave"
"Hub Required","Hub Required"
"Display Type","Display Type"
"Room Sensor Included","Room Sensor Included"
"Battery Back-Up","Battery Back-Up"
"Number of USB Ports","Number of USB Ports"
"Package Contents","Package Contents"
"Works with SkylinkNet","Works with SkylinkNet"
"Installation Required","Installation Required"
"Battery Back-Up","Battery Back-Up"
"Number of USB Ports","Number of USB Ports"
"Package Contents","Package Contents"
"Works with SkylinkNet","Works with SkylinkNet"
"Installation Required","Installation Required"
"Wireless","Wireless"
"Push Button Included","Push Button Included"
"Sound Type","Sound Type"
"Transformer Included","Transformer Included"
"Bell Wire Included","Bell Wire Included"
"Doorbell Material","Doorbell Material"
"Batteries Included","Batteries Included"
"Push Button Material","Push Button Material"
"Doorbell Voltage","Doorbell Voltage"
"Doorbell Height","Doorbell Height"
"Doorbell Width","Doorbell Width"
"Doorbell Depth","Doorbell Depth"
"Built-In Speakers","Built-In Speakers"
"Built-In Camera","Built-In Camera"
"Doorbell Extender Included","Doorbell Extender Included"
"Product Type","Product Type"
"Works with Insteon","Works with Insteon"
"Volume Control","Volume Control"
"Decibel Rating","Decibel Rating"
"Facial Recognition","Facial Recognition"
"Night Light","Night Light"
"Number of Sound Selections","Number of Sound Selections"
"Operating Range","Operating Range"
"Power Source","Power Source"
"Visual Indicator Type","Visual Indicator Type"
"Portable","Portable"
"Mute Timer","Mute Timer"
"Visual Indicator","Visual Indicator"
"Frame Type","Frame Type"
"Frame Material","Frame Material"
"Frame Color/Finish","Frame Color/Finish"
"Wicker/Rattan","Wicker/Rattan"
"Frame Warranty","Frame Warranty"
"FSC Certified Wood","FSC Certified Wood"
"Seat Type","Seat Type"
"Cushion Included","Cushion Included"
"Cushion Thickness","Cushion Thickness"
"Fabric Brand Name","Fabric Brand Name"
"Fabric Material","Fabric Material"
"Primary Fabric Color","Primary Fabric Color"
"Fabric Pattern/Color Name","Fabric Pattern/Color Name"
"Fabric Warranty","Fabric Warranty"
"Motion","Motion"
"Stackable","Stackable"
"Folding","Folding"
"Number of Chairs Included","Number of Chairs Included"
"Seat Height","Seat Height"
"Seat Width","Seat Width"
"Seat Depth","Seat Depth"
"Seat Back Height","Seat Back Height"
"Seat Back Width","Seat Back Width"
"Weight Capacity","Weight Capacity"
"Chair Weight","Chair Weight"
"Furniture Type","Furniture Type"
"Frame Type","Frame Type"
"Frame Material","Frame Material"
"Frame Color/Finish","Frame Color/Finish"
"Wicker/Rattan","Wicker/Rattan"
"Frame Warranty","Frame Warranty"
"FSC Certified Wood","FSC Certified Wood"
"Seat Type","Seat Type"
"Cushion Included","Cushion Included"
"Cushion Thickness","Cushion Thickness"
"Fabric Brand Name","Fabric Brand Name"
"Fabric Material","Fabric Material"
"Primary Fabric Color","Primary Fabric Color"
"Fabric Pattern/Color Name","Fabric Pattern/Color Name"
"Fabric Warranty","Fabric Warranty"
"Motion","Motion"
"Stackable","Stackable"
"Folding","Folding"
"Number of Chairs Included","Number of Chairs Included"
"Seat Height","Seat Height"
"Seat Width","Seat Width"
"Seat Depth","Seat Depth"
"Seat Back Height","Seat Back Height"
"Seat Back Width","Seat Back Width"
"Weight Capacity","Weight Capacity"
"Chair Weight","Chair Weight"
"Furniture Type","Furniture Type"
"Back Material","Back Material"
"Seat Material","Seat Material"
"Frame Material","Frame Material"
"Wood Species","Wood Species"
"Finish Type","Finish Type"
"Trend","Trend"
"Number of Casters/Wheels","Number of Casters/Wheels"
"Maximum Seat Height","Maximum Seat Height"
"Minimum Seat Height","Minimum Seat Height"
"Seat Back Height","Seat Back Height"
"Seat Back Width","Seat Back Width"
"Seat Bottom Depth","Seat Bottom Depth"
"Seat Bottom Width","Seat Bottom Width"
"Seat Bottom Thickness","Seat Bottom Thickness"
"Weight Capacity","Weight Capacity"
"Adjustable Height","Adjustable Height"
"Arms","Arms"
"Folding","Folding"
"Massaging","Massaging"
"Heated","Heated"
"Lumbar Support","Lumbar Support"
"Ergonomic","Ergonomic"
"Casters","Casters"
"BIFMA/ANSI Certified","BIFMA/ANSI Certified"
"Swivel","Swivel"
"Tilting","Tilting"
"Subject","Subject"
"Construction","Construction"
"Orientation","Orientation"
"Hand-Painted","Hand-Painted"
"Limited Edition","Limited Edition"
"Theme","Theme"
"Number of Pieces","Number of Pieces"
"Room","Room"
"Frame Type","Frame Type"
"Set","Set"
"Shape","Shape"
"Subject","Subject"
"Construction","Construction"
"Orientation","Orientation"
"Hand-Painted","Hand-Painted"
"Limited Edition","Limited Edition"
"Theme","Theme"
"Number of Pieces","Number of Pieces"
"Frame Type","Frame Type"
"Ammeter","Ammeter"
"Attachment Compatible","Attachment Compatible"
"Bagger Capable","Bagger Capable"
"Blade Engagement Type","Blade Engagement Type"
"California Air Resources Board Compliant","California Air Resources Board Compliant"
"Cruise Control","Cruise Control"
"Cut Width","Cut Width"
"Cutting Range/Yard Size","Cutting Range/Yard Size"
"Deck Gauge","Deck Gauge"
"Differential","Differential"
"Discharge Location","Discharge Location"
"Engine Brand","Engine Brand"
"Engine Displacement","Engine Displacement"
"Engine Horsepower","Engine Horsepower"
"Engine Oil Capacity","Engine Oil Capacity"
"Engine Oil Included","Engine Oil Included"
"Mower Deck Width","Mower Deck Width"
"Engine Type","Engine Type"
"Front Axle","Front Axle"
"Front Wheel Size","Front Wheel Size"
"Fuel Capacity","Fuel Capacity"
"Grease Fittings","Grease Fittings"
"Hour Meter Type","Hour Meter Type"
"Maximum Cutting Height","Maximum Cutting Height"
"Maximum Forward Speed","Maximum Forward Speed"
"Maximum Reverse Speed","Maximum Reverse Speed"
"Minimum Cutting Height","Minimum Cutting Height"
"Engine Series","Engine Series"
"Mulching Capable","Mulching Capable"
"Number of Deck Positions","Number of Deck Positions"
"Number of Deck/Anti-Scalp Wheels","Number of Deck/Anti-Scalp Wheels"
"Oil Filter Type","Oil Filter Type"
"Operator-Controlled Mow-in-Reverse","Operator-Controlled Mow-in-Reverse"
"Overall Length","Overall Length"
"Overall Width with Deck","Overall Width with Deck"
"Rear Wheel Size","Rear Wheel Size"
"Recommended for Terrain Type","Recommended for Terrain Type"
"Seat Type","Seat Type"
"Steering Type","Steering Type"
"Transmission Type","Transmission Type"
"Turning Radius","Turning Radius"
"Headlight","Headlight"
"Ammeter","Ammeter"
"Attachment Compatible","Attachment Compatible"
"Bagger Capable","Bagger Capable"
"Blade Engagement Type","Blade Engagement Type"
"California Air Resources Board Compliant","California Air Resources Board Compliant"
"Cruise Control","Cruise Control"
"Cut Width","Cut Width"
"Cutting Range/Yard Size","Cutting Range/Yard Size"
"Deck Gauge","Deck Gauge"
"Differential","Differential"
"Discharge Location","Discharge Location"
"Engine Brand","Engine Brand"
"Engine Displacement","Engine Displacement"
"Engine Horsepower","Engine Horsepower"
"Engine Oil Capacity","Engine Oil Capacity"
"Engine Oil Included","Engine Oil Included"
"Engine Series","Engine Series"
"Engine Type","Engine Type"
"Front Axle","Front Axle"
"Front Wheel Size","Front Wheel Size"
"Fuel Capacity","Fuel Capacity"
"Grease Fittings","Grease Fittings"
"Hour Meter Type","Hour Meter Type"
"Maximum Cutting Height","Maximum Cutting Height"
"Maximum Forward Speed","Maximum Forward Speed"
"Maximum Reverse Speed","Maximum Reverse Speed"
"Minimum Cutting Height","Minimum Cutting Height"
"Mulching Capable","Mulching Capable"
"Number of Deck Positions","Number of Deck Positions"
"Number of Deck/Anti-Scalp Wheels","Number of Deck/Anti-Scalp Wheels"
"Oil Filter Type","Oil Filter Type"
"Operator-Controlled Mow-in-Reverse","Operator-Controlled Mow-in-Reverse"
"Overall Length","Overall Length"
"Overall Width with Deck","Overall Width with Deck"
"Rear Wheel Size","Rear Wheel Size"
"Recommended for Terrain Type","Recommended for Terrain Type"
"Seat Type","Seat Type"
"Steering Type","Steering Type"
"Transmission Type","Transmission Type"
"Headlight","Headlight"
"Ammeter","Ammeter"
"Attachment Compatible","Attachment Compatible"
"Bagger Capable","Bagger Capable"
"Blade Engagement Type","Blade Engagement Type"
"California Air Resources Board Compliant","California Air Resources Board Compliant"
"Cruise Control","Cruise Control"
"Cut Width","Cut Width"
"Cutting Range/Yard Size","Cutting Range/Yard Size"
"Deck Gauge","Deck Gauge"
"Differential","Differential"
"Discharge Location","Discharge Location"
"Engine Brand","Engine Brand"
"Engine Displacement","Engine Displacement"
"Engine Horsepower","Engine Horsepower"
"Engine Oil Capacity","Engine Oil Capacity"
"Engine Oil Included","Engine Oil Included"
"Engine Series","Engine Series"
"Engine Type","Engine Type"
"Front Axle","Front Axle"
"Front Wheel Size","Front Wheel Size"
"Fuel Capacity","Fuel Capacity"
"Grease Fittings","Grease Fittings"
"Hour Meter Type","Hour Meter Type"
"Maximum Cutting Height","Maximum Cutting Height"
"Maximum Forward Speed","Maximum Forward Speed"
"Maximum Reverse Speed","Maximum Reverse Speed"
"Minimum Cutting Height","Minimum Cutting Height"
"Mulching Capable","Mulching Capable"
"Number of Deck Positions","Number of Deck Positions"
"Number of Deck/Anti-Scalp Wheels","Number of Deck/Anti-Scalp Wheels"
"Oil Filter Type","Oil Filter Type"
"Operator-Controlled Mow-in-Reverse","Operator-Controlled Mow-in-Reverse"
"Overall Width with Deck","Overall Width with Deck"
"Rear Wheel Size","Rear Wheel Size"
"Recommended for Terrain Type","Recommended for Terrain Type"
"Seat Type","Seat Type"
"Steering Type","Steering Type"
"Transmission Type","Transmission Type"
"Headlight","Headlight"
"Side Burner BTUs","Side Burner BTUs"
"Rotisserie Burner BTUs","Rotisserie Burner BTUs"
"Sear Burner BTUs","Sear Burner BTUs"
"Primary Cooking Area q. Inches","Primary Cooking Area q. Inches"
"Warming Rack Area q. Inches","Warming Rack Area q. Inches"
"Total Cooking Area q. Inches","Total Cooking Area q. Inches"
"Firebox Width","Firebox Width"
"Firebox Depth","Firebox Depth"
"Liquid Propane","Liquid Propane"
"Natural Gas or Convertible to NG","Natural Gas or Convertible to NG"
"Natural Gas Conversion Kit Included","Natural Gas Conversion Kit Included"
"Ignition Type","Ignition Type"
"Number of Main Burners","Number of Main Burners"
"Number of Side Burners","Number of Side Burners"
"Sear Burner","Sear Burner"
"Rotisserie Burner","Rotisserie Burner"
"Burner Material","Burner Material"
"Integrated Smoker Box","Integrated Smoker Box"
"Warming Rack","Warming Rack"
"Lid Material","Lid Material"
"Temperature Gauge","Temperature Gauge"
"Pullout Tank Tray","Pullout Tank Tray"
"Side Shelf","Side Shelf"
"Integrated Lights","Integrated Lights"
"Grill Color/Finish","Grill Color/Finish"
"Grill Warranty","Grill Warranty"
"Burner Warranty","Burner Warranty"
"Fuel Type","Fuel Type"
"Infrared Burner","Infrared Burner"
"Assembly Option","Assembly Option"
"Main Burners BTUs","Main Burners BTUs"
"Cooking Surface Material","Cooking Surface Material"
"Primary Cooking Area q. Inches","Primary Cooking Area q. Inches"
"Warming Rack Area q. Inches","Warming Rack Area q. Inches"
"Total Cooking Area q. Inches","Total Cooking Area q. Inches"
"Firebox Width","Firebox Width"
"Firebox Depth","Firebox Depth"
"Cooking Grate Material","Cooking Grate Material"
"Side Shelf","Side Shelf"
"Temperature Gauge","Temperature Gauge"
"Warming Rack","Warming Rack"
"Lid Material","Lid Material"
"Removable Ash Catcher","Removable Ash Catcher"
"Adjustable Charcoal Tray","Adjustable Charcoal Tray"
"Grill Color/Finish","Grill Color/Finish"
"Grill Warranty","Grill Warranty"
"Grill Style","Grill Style"
"Ignition Type","Ignition Type"
"Tertiary Fuel Type","Tertiary Fuel Type"
"Main Burners BTUs","Main Burners BTUs"
"Side Burner BTUs","Side Burner BTUs"
"Rotisserie Burner BTUs","Rotisserie Burner BTUs"
"Sear Burner BTUs","Sear Burner BTUs"
"Number of Main Burners","Number of Main Burners"
"Number of Side Burners","Number of Side Burners"
"Sear Burner","Sear Burner"
"Rotisserie Burner","Rotisserie Burner"
"Primary Cooking Area q. Inches","Primary Cooking Area q. Inches"
"Warming Rack Area q. Inches","Warming Rack Area q. Inches"
"Total Cooking Area q. Inches","Total Cooking Area q. Inches"
"Convertible to Natural Gas","Convertible to Natural Gas"
"Natural Gas Conversion Kit Included","Natural Gas Conversion Kit Included"
"Burner Material","Burner Material"
"Lid Material","Lid Material"
"Integrated Smoker Box","Integrated Smoker Box"
"Warming Rack","Warming Rack"
"Temperature Gauge","Temperature Gauge"
"Side Shelf","Side Shelf"
"Integrated Lights","Integrated Lights"
"Removable Ash Catcher","Removable Ash Catcher"
"Pullout Tank Tray","Pullout Tank Tray"
"Adjustable Charcoal Tray","Adjustable Charcoal Tray"
"Firebox Width","Firebox Width"
"Firebox Depth","Firebox Depth"
"Grill Warranty","Grill Warranty"
"Secondary Fuel Type","Secondary Fuel Type"
"Primary Fuel Type","Primary Fuel Type"
"Smartphone/Bluetooth Enabled","Smartphone/Bluetooth Enabled"
"Cooking Surface Material","Cooking Surface Material"
"Frame Material","Frame Material"
"Mount Type","Mount Type"
"Trend","Trend"
"Shape","Shape"
"Weight","Weight"
"Orientation","Orientation"
"Frameless","Frameless"
"Edge Type","Edge Type"
"Full Length","Full Length"
"Lighted","Lighted"
"Shelf Included","Shelf Included"
"Mounting Bracket Included","Mounting Bracket Included"
"Tilting","Tilting"
"Mirror Width","Mirror Width"
"Mirror Length","Mirror Length"
"Overall Width","Overall Width"
"Overall Length","Overall Length"
"Mounting Hardware Included","Mounting Hardware Included"
"Frame Material","Frame Material"
"Mount Type","Mount Type"
"Trend","Trend"
"Shape","Shape"
"Orientation","Orientation"
"Frameless","Frameless"
"Edge Type","Edge Type"
"Full Length","Full Length"
"Lighted","Lighted"
"Shelf Included","Shelf Included"
"Mounting Bracket Included","Mounting Bracket Included"
"Tilting","Tilting"
"Mirror Width","Mirror Width"
"Overall Width","Overall Width"
"Mirror Length","Mirror Length"
"Overall Length","Overall Length"
"Mounting Hardware Included","Mounting Hardware Included"
"Frame Material","Frame Material"
"Mount Type","Mount Type"
"Trend","Trend"
"Shape","Shape"
"Orientation","Orientation"
"Frameless","Frameless"
"Edge Type","Edge Type"
"Full Length","Full Length"
"Lighted","Lighted"
"Shelf Included","Shelf Included"
"Mounting Bracket Included","Mounting Bracket Included"
"Tilting","Tilting"
"Mirror Width","Mirror Width"
"Overall Width","Overall Width"
"Mirror Length","Mirror Length"
"Overall Length","Overall Length"
"Mounting Hardware Included","Mounting Hardware Included"
"Amps","Amps"
"Bevel Capacity","Bevel Capacity"
"Cord Length","Cord Length"
"Shoe Material","Shoe Material"
"Fence Included","Fence Included"
"Bevel Stop","Bevel Stop"
"Dust Collection","Dust Collection"
"Depth Control","Depth Control"
"Dust Blower","Dust Blower"
"Dust Chute","Dust Chute"
"Dust Chute Diameter","Dust Chute Diameter"
"Laser Guide","Laser Guide"
"Work Light","Work Light"
"Brake","Brake"
"Blade Material","Blade Material"
"Blade Side","Blade Side"
"Arbor Diameter","Arbor Diameter"
"Case Type","Case Type"
"Maximum Depth at 45 Degrees","Maximum Depth at 45 Degrees"
"Maximum Depth at 90 Degrees","Maximum Depth at 90 Degrees"
"Horsepower","Horsepower"
"Voltage","Voltage"
"Maximum Speed","Maximum Speed"
"Saw Blade Diameter","Saw Blade Diameter"
"Worm Drive","Worm Drive"
"Spindle Lock","Spindle Lock"
"Brand/Model Compatibility","Brand/Model Compatibility"
"Blade Material","Blade Material"
"Saw Blade Diameter","Saw Blade Diameter"
"Number of Teeth","Number of Teeth"
"Rim Type","Rim Type"
"Dado","Dado"
"Wet/Dry Cut Capability","Wet/Dry Cut Capability"
"Wood Cut Finish","Wood Cut Finish"
"Set/Individual","Set/Individual"
"Arbor Diameter","Arbor Diameter"
"Directional Setting","Directional Setting"
"Compatible with Handheld Circular Saws","Compatible with Handheld Circular Saws"
"Compatible with Benchtop/Stationary Saws","Compatible with Benchtop/Stationary Saws"
"Compatible with Tile and Cut-Off Saws","Compatible with Tile and Cut-Off Saws"
"For Use on Brick","For Use on Brick"
"For Use on Ceramic","For Use on Ceramic"
"For Use on Cinder Block","For Use on Cinder Block"
"For Use on Composite Decking","For Use on Composite Decking"
"For Use on Concrete","For Use on Concrete"
"For Use on Fiber Cement","For Use on Fiber Cement"
"For Use on Glass","For Use on Glass"
"For Use on Granite","For Use on Granite"
"For Use on Laminate","For Use on Laminate"
"For Use on Marble","For Use on Marble"
"For Use on Melamine","For Use on Melamine"
"For Use on Metal","For Use on Metal"
"For Use on Non-Ferrous Metals","For Use on Non-Ferrous Metals"
"For Use on Plastic","For Use on Plastic"
"For Use on Plywood","For Use on Plywood"
"For Use on Porcelain","For Use on Porcelain"
"For Use on Slate","For Use on Slate"
"For Use on Vinyl","For Use on Vinyl"
"For Use on Wood","For Use on Wood"
"For Use on Asphalt","For Use on Asphalt"
"Blade Material","Blade Material"
"Saw Blade Diameter","Saw Blade Diameter"
"Number of Teeth","Number of Teeth"
"Rim Type","Rim Type"
"Wet/Dry Cut Capability","Wet/Dry Cut Capability"
"Wood Cut Finish","Wood Cut Finish"
"Set/Individual","Set/Individual"
"Arbor Diameter","Arbor Diameter"
"Compatible with Handheld Circular Saws","Compatible with Handheld Circular Saws"
"Compatible with Benchtop/Stationary Saws","Compatible with Benchtop/Stationary Saws"
"Compatible with Tile and Cut-Off Saws","Compatible with Tile and Cut-Off Saws"
"For Use on Brick","For Use on Brick"
"For Use on Ceramic","For Use on Ceramic"
"For Use on Cinder Block","For Use on Cinder Block"
"For Use on Composite Decking","For Use on Composite Decking"
"For Use on Concrete","For Use on Concrete"
"For Use on Fiber Cement","For Use on Fiber Cement"
"For Use on Glass","For Use on Glass"
"For Use on Granite","For Use on Granite"
"For Use on Laminate","For Use on Laminate"
"For Use on Marble","For Use on Marble"
"For Use on Melamine","For Use on Melamine"
"For Use on Metal","For Use on Metal"
"For Use on Non-Ferrous Metals","For Use on Non-Ferrous Metals"
"For Use on Plastic","For Use on Plastic"
"For Use on Plywood","For Use on Plywood"
"For Use on Porcelain","For Use on Porcelain"
"For Use on Slate","For Use on Slate"
"For Use on Vinyl","For Use on Vinyl"
"For Use on Wood","For Use on Wood"
"Bidet Shape","Bidet Shape"
"Bowl Height","Bowl Height"
"Bidet Height","Bidet Height"
"ADA Approved","ADA Approved"
"Hardware Finish","Hardware Finish"
"Number of Faucet Holes","Number of Faucet Holes"
"Drain Connection Diameter","Drain Connection Diameter"
"Bidet Spray Type","Bidet Spray Type"
"Flushing Rim","Flushing Rim"
"Outlet Mounting Location","Outlet Mounting Location"
"Overflow Drain","Overflow Drain"
"Rough-In Size","Rough-In Size"
"Adjustable Dryer Temperature","Adjustable Dryer Temperature"
"Automatic Flush","Automatic Flush"
"Deodorizing","Deodorizing"
"Night Light","Night Light"
"Hardware Color Family","Hardware Color Family"
"Adjustable Water Temperature","Adjustable Water Temperature"
"Concealed Trapway","Concealed Trapway"
"Mounting Hardware Included","Mounting Hardware Included"
"WaterSense Labeled","WaterSense Labeled"
"High Efficiency","High Efficiency"
"Spud Inlet Size","Spud Inlet Size"
"Installation Method","Installation Method"
"Waterless","Waterless"
"Integrated Electronic Flush","Integrated Electronic Flush"
"Spud Location","Spud Location"
"Flush Valve Included","Flush Valve Included"
"Maximum Flush Rate","Maximum Flush Rate"
"Hardware Finish","Hardware Finish"
"Hardware Color Family","Hardware Color Family"
"Assembled Height","Assembled Height"
"Assembled Weight","Assembled Weight"
"Assembled Width","Assembled Width"
"Assembled Depth","Assembled Depth"
"WaterSense Labeled","WaterSense Labeled"
"High Efficiency","High Efficiency"
"Spud Inlet Size","Spud Inlet Size"
"Installation Method","Installation Method"
"Waterless","Waterless"
"Integrated Electronic Flush","Integrated Electronic Flush"
"Spud Location","Spud Location"
"Flush Valve Included","Flush Valve Included"
"Hardware Finish","Hardware Finish"
"Hardware Color Family","Hardware Color Family"
"Diameter","Diameter"
"Flapper or Seat Disk Included","Flapper or Seat Disk Included"
"Universal Fit","Universal Fit"
"Package Contents","Package Contents"
"For Use with Urinals","For Use with Urinals"
"For Use with Toilets","For Use with Toilets"
"For Use with Bidets","For Use with Bidets"
"Adjustable","Adjustable"
"Brand/Model Compatibility","Brand/Model Compatibility"
"Chemical Resistant","Chemical Resistant"
"Toilet Kit","Toilet Kit"
"Bowl Height","Bowl Height"
"Bowl Height with Seat","Bowl Height with Seat"
"Bowl Height without Seat","Bowl Height without Seat"
"ADA Compliant","ADA Compliant"
"High Efficiency","High Efficiency"
"Rough-In Size","Rough-In Size"
"Lined Tank","Lined Tank"
"Flush Lever Location","Flush Lever Location"
"WaterSense Labeled","WaterSense Labeled"
"Flush Type","Flush Type"
"Deodorizing","Deodorizing"
"Night Light","Night Light"
"Flush Lever Included","Flush Lever Included"
"Maximum Flush Rate","Maximum Flush Rate"
"Portable","Portable"
"Gallons Per Flush","Gallons Per Flush"
"Trapway Size","Trapway Size"
"Hardware Color Family","Hardware Color Family"
"Bowl Shape","Bowl Shape"
"Installation Type","Installation Type"
"Outlet Location","Outlet Location"
"Flush Technology","Flush Technology"
"Bidet Function","Bidet Function"
"Corner Installation","Corner Installation"
"Heated Seat","Heated Seat"
"Mounting Bolts Included","Mounting Bolts Included"
"Rimless","Rimless"
"Rubber Bumpers Included","Rubber Bumpers Included"
"Self-Cleaning","Self-Cleaning"
"Skirted","Skirted"
"Supply Lines Included","Supply Lines Included"
"Wax Ring Included","Wax Ring Included"
"Hardware Finish","Hardware Finish"
"Seat Included","Seat Included"
"Seat Secure","Seat Secure"
"Slow Close Feature","Slow Close Feature"
"Toilet Kit","Toilet Kit"
"Bowl Height","Bowl Height"
"Bowl Height with Seat","Bowl Height with Seat"
"Bowl Height without Seat","Bowl Height without Seat"
"ADA Compliant","ADA Compliant"
"High Efficiency","High Efficiency"
"Rough-In Size","Rough-In Size"
"Lined Tank","Lined Tank"
"Flush Lever Location","Flush Lever Location"
"WaterSense Labeled","WaterSense Labeled"
"Flush Type","Flush Type"
"Deodorizing","Deodorizing"
"Night Light","Night Light"
"Flush Lever Included","Flush Lever Included"
"Maximum Flush Rate","Maximum Flush Rate"
"Portable","Portable"
"Gallons Per Flush","Gallons Per Flush"
"Trapway Size","Trapway Size"
"Hardware Color Family","Hardware Color Family"
"Bowl Shape","Bowl Shape"
"Installation Type","Installation Type"
"Outlet Location","Outlet Location"
"Hardware Finish","Hardware Finish"
"Flush Technology","Flush Technology"
"Bidet Function","Bidet Function"
"Corner Installation","Corner Installation"
"Heated Seat","Heated Seat"
"Rimless","Rimless"
"Self-Cleaning","Self-Cleaning"
"Skirted","Skirted"
"Supply Lines Included","Supply Lines Included"
"Mounting Bolts Included","Mounting Bolts Included"
"Rubber Bumpers Included","Rubber Bumpers Included"
"Seat Included","Seat Included"
"Seat Secure","Seat Secure"
"Slow Close Feature","Slow Close Feature"
"Wax Ring Included","Wax Ring Included"
"Edge Type","Edge Type"
"Theme","Theme"
"Design","Design"
"Tile Shape","Tile Shape"
"Mosaic","Mosaic"
"Mosaic Pattern","Mosaic Pattern"
"Waterproof","Waterproof"
"Finish","Finish"
"Surface Type","Surface Type"
"Installation Type","Installation Type"
"ADA Compliant","ADA Compliant"
"Chemical Resistant","Chemical Resistant"
"Actual Thickness","Actual Thickness"
"Actual Width","Actual Width"
"Actual Length","Actual Length"
"Square Footage Per Piece","Square Footage Per Piece"
"Square Footage Per Carton","Square Footage Per Carton"
"PEI Rating","PEI Rating"
"Breaking Strength in Pounds","Breaking Strength in Pounds"
"Frost Resistant","Frost Resistant"
"Water Absorption","Water Absorption"
"Shade Variation","Shade Variation"
"Sold As","Sold As"
"Application","Application"
"Common Measurement","Common Measurement"
"Dynamic Coefficient of Friction","Dynamic Coefficient of Friction"
"Sample Item Number","Sample Item Number"
"Stone Type","Stone Type"
"For Use with Garage Floors","For Use with Garage Floors"
"Sealant Required","Sealant Required"
"Wood Look","Wood Look"
"Tile Color/Finish Family","Tile Color/Finish Family"
"Can be Used as Accent Tile","Can be Used as Accent Tile"
"For Use with Bathroom Floors","For Use with Bathroom Floors"
"For Use with Bathroom Walls","For Use with Bathroom Walls"
"For Use with Fireplace Exteriors","For Use with Fireplace Exteriors"
"For Use with Garage Walls","For Use with Garage Walls"
"For Use with Kitchen Backsplashes","For Use with Kitchen Backsplashes"
"For Use with Kitchen Counters","For Use with Kitchen Counters"
"For Use with Patios","For Use with Patios"
"For Use with Pools","For Use with Pools"
"For Use with Shower Floors","For Use with Shower Floors"
"For Use with Shower Walls","For Use with Shower Walls"
"Unit of Measure","Unit of Measure"
"Unit of Measure Quantity","Unit of Measure Quantity"
"Stain Resistant","Stain Resistant"
"Freeze Resistant Post Installation","Freeze Resistant Post Installation"
"For Use with Vinyl Floors","For Use with Vinyl Floors"
"For Use with Bathroom Floors","For Use with Bathroom Floors"
"For Use with Bathroom Walls","For Use with Bathroom Walls"
"For Use with Fireplace Exteriors","For Use with Fireplace Exteriors"
"For Use with Garage Floors","For Use with Garage Floors"
"For Use with Garage Walls","For Use with Garage Walls"
"For Use with Kitchen Backsplashes","For Use with Kitchen Backsplashes"
"For Use with Kitchen Counters","For Use with Kitchen Counters"
"For Use with Patios","For Use with Patios"
"For Use with Pools","For Use with Pools"
"For Use with Shower Floors","For Use with Shower Floors"
"For Use with Shower Walls","For Use with Shower Walls"
"Mold Resistant","Mold Resistant"
"Unit of Measure","Unit of Measure"
"Unit of Measure Quantity","Unit of Measure Quantity"
"Base Material","Base Material"
"For Use with Acrylic","For Use with Acrylic"
"For Use with Unsanded Grout","For Use with Unsanded Grout"
"For Use with Urethane Grout","For Use with Urethane Grout"
"For Use with Sanded Grout","For Use with Sanded Grout"
"Plunger Handle Material","Plunger Handle Material"
"Plunger Head Material","Plunger Head Material"
"Plunger Head Diameter","Plunger Head Diameter"
"Storage Caddy Included","Storage Caddy Included"
"Handle Length","Handle Length"
"Plunger Handle Material","Plunger Handle Material"
"Plunger Head Material","Plunger Head Material"
"Plunger Head Diameter","Plunger Head Diameter"
"Storage Caddy Included","Storage Caddy Included"
"Handle Length","Handle Length"
"Auger Type","Auger Type"
"Drain Tool Housing Material","Drain Tool Housing Material"
"Cable Length","Cable Length"
"Cable Diameter","Cable Diameter"
"Cable Material","Cable Material"
"For Use with Minimum Pipe Size","For Use with Minimum Pipe Size"
"For Use with Maximum Pipe Size","For Use with Maximum Pipe Size"
"Finish","Finish"
"Grade","Grade"
"Dressing","Dressing"
"Industry Standard Min Thickness","Industry Standard Min Thickness"
"Industry Standard Minimum Width","Industry Standard Minimum Width"
"Industry Standard Minimum Length","Industry Standard Minimum Length"
"Stainable/Paintable","Stainable/Paintable"
"Pressure Treatment Type","Pressure Treatment Type"
"Common Measurement","Common Measurement"
"Common Length in Feet","Common Length in Feet"
"Wood Species","Wood Species"
"Moisture Rating","Moisture Rating"
"For Use with Framing","For Use with Framing"
"Pressure Treated","Pressure Treated"
"Hardwood/Softwood","Hardwood/Softwood"
"Edge Profile","Edge Profile"
"For Use with Exterior Trim","For Use with Exterior Trim"
"For Use with Furniture & Cabinets","For Use with Furniture & Cabinets"
"For Use with Shelving","For Use with Shelving"
"For Use with Woodworking Projects","For Use with Woodworking Projects"
"Series","Series"
"Actual Exterior Width","Actual Exterior Width"
"Actual Exterior Length","Actual Exterior Length"
"Actual Exterior Peak Height","Actual Exterior Peak Height"
"Door Opening Width","Door Opening Width"
"Door Opening Height","Door Opening Height"
"Floor Frame Included","Floor Frame Included"
"Floor Storage Capacity","Floor Storage Capacity"
"Storage Capacity","Storage Capacity"
"Installation Included","Installation Included"
"Siding Color","Siding Color"
"Trim Color","Trim Color"
"Gauge","Gauge"
"Actual Interior Width","Actual Interior Width"
"Actual Interior Length","Actual Interior Length"
"Actual Interior Peak Height","Actual Interior Peak Height"
"Foundation Width","Foundation Width"
"Foundation Length","Foundation Length"
"Package Width","Package Width"
"Package Length","Package Length"
"Package Height","Package Height"
"Package Weight","Package Weight"
"Common Exterior Length","Common Exterior Length"
"Common Exterior Width","Common Exterior Width"
"Number of Windows","Number of Windows"
"Number of Shelves","Number of Shelves"
"Common Size Range","Common Size Range"
"Bike Storage","Bike Storage"
"Lumber Storage","Lumber Storage"
"Mower Storage","Mower Storage"
"Professional Installation Included","Professional Installation Included"
"Tool Storage","Tool Storage"
"Wheelbarrow Storage","Wheelbarrow Storage"
"Wine Storage","Wine Storage"
"Series","Series"
"Actual Exterior Width","Actual Exterior Width"
"Actual Exterior Length","Actual Exterior Length"
"Actual Exterior Peak Height","Actual Exterior Peak Height"
"Door Opening Width","Door Opening Width"
"Door Opening Height","Door Opening Height"
"Floor Frame Included","Floor Frame Included"
"Floor Storage Capacity","Floor Storage Capacity"
"Storage Capacity","Storage Capacity"
"Installation Included","Installation Included"
"Siding Color","Siding Color"
"Trim Color","Trim Color"
"Gauge","Gauge"
"Actual Interior Width","Actual Interior Width"
"Actual Interior Length","Actual Interior Length"
"Actual Interior Peak Height","Actual Interior Peak Height"
"Foundation Width","Foundation Width"
"Foundation Length","Foundation Length"
"Package Width","Package Width"
"Package Length","Package Length"
"Package Height","Package Height"
"Package Weight","Package Weight"
"Common Exterior Length","Common Exterior Length"
"Common Exterior Width","Common Exterior Width"
"Number of Windows","Number of Windows"
"Number of Shelves","Number of Shelves"
"Lock Type","Lock Type"
"Dial Count","Dial Count"
"Combination Type","Combination Type"
"Shrouded Shackle","Shrouded Shackle"
"Number of Pins","Number of Pins"
"Contractor Grade","Contractor Grade"
"Weatherproof","Weatherproof"
"Keys Included","Keys Included"
"Rust Protection","Rust Protection"
"Thickness","Thickness"
"Adjustable","Adjustable"
"Shackle Diameter","Shackle Diameter"
"Shackle Width","Shackle Width"
"For Use with Luggage","For Use with Luggage"
"For Use with Bikes","For Use with Bikes"
"For Use with Laptops","For Use with Laptops"
"Lock Material","Lock Material"
"Shackle Height","Shackle Height"
"TSA Accepted","TSA Accepted"
"Lock Type","Lock Type"
"Dial Count","Dial Count"
"Combination Type","Combination Type"
"Shrouded Shackle","Shrouded Shackle"
"Number of Pins","Number of Pins"
"Contractor Grade","Contractor Grade"
"Weatherproof","Weatherproof"
"Keys Included","Keys Included"
"Rust Protection","Rust Protection"
"Thickness","Thickness"
"Adjustable","Adjustable"
"Shackle Diameter","Shackle Diameter"
"Shackle Width","Shackle Width"
"For Use with Luggage","For Use with Luggage"
"For Use with Bikes","For Use with Bikes"
"For Use with Laptops","For Use with Laptops"
"Lock Material","Lock Material"
"Shackle Height","Shackle Height"
"TSA Accepted","TSA Accepted"
"Number of Extruders","Number of Extruders"
"Touchscreen","Touchscreen"
"Onboard Software Patterns","Onboard Software Patterns"
"Material Type","Material Type"
"Connectivity","Connectivity"
"SD Card Drive","SD Card Drive"
"Flash Drive","Flash Drive"
"Internal Storage","Internal Storage"
"Operating System Compatibility","Operating System Compatibility"
"Network Capability","Network Capability"
"Build Resolution","Build Resolution"
"Build Plate Size","Build Plate Size"
"Filament Diameter","Filament Diameter"
"Overall Length","Overall Length"
"Overall Width","Overall Width"
"Overall Depth","Overall Depth"
"Printer Weight","Printer Weight"
"Commercial Warranty","Commercial Warranty"
"Scanner Included","Scanner Included"
"CA Residents: Prop 65 Warning","CA Residents: Prop 65 Warning"
"Manufacturer Color/Finish","Manufacturer Color/Finish"
"Color/Finish Family","Color/Finish Family"
"Seating Capacity","Seating Capacity"
"Weight Capacity","Weight Capacity"
"Diameter","Diameter"
"Length","Length"
"Seating Capacity","Seating Capacity"
"Weight Capacity","Weight Capacity"
"Diameter","Diameter"
"Length","Length"
"Unit of Measure","Unit of Measure"
"Pest Control Type","Pest Control Type"
"Unit of Measure Quantity","Unit of Measure Quantity"
"Application Method","Application Method"
"Delivery System","Delivery System"
"Concentrated/Ready-to-Use","Concentrated/Ready-to-Use"
"Natural","Natural"
"Odorless","Odorless"
"Recommended for Gophers","Recommended for Gophers"
"Recommended for Mice","Recommended for Mice"
"Recommended for Moles","Recommended for Moles"
"Recommended for Rats","Recommended for Rats"
"Recommended for Rodents","Recommended for Rodents"
"EPA Registration Number","EPA Registration Number"
"Primary Usage","Primary Usage"
"Primary Active Ingredient","Primary Active Ingredient"
"Maximum Coverage Area","Maximum Coverage Area"
"Duration of Effectiveness","Duration of Effectiveness"
"Safer For Kids","Safer For Kids"
"Safer For Pets","Safer For Pets"
"Unit of Measure","Unit of Measure"
"Unit of Measure Quantity","Unit of Measure Quantity"
"Application Method","Application Method"
"Delivery System","Delivery System"
"Concentrated/Ready-to-Use","Concentrated/Ready-to-Use"
"Natural","Natural"
"Odorless","Odorless"
"Recommended for Gophers","Recommended for Gophers"
"Recommended for Mice","Recommended for Mice"
"Recommended for Moles","Recommended for Moles"
"Recommended for Rats","Recommended for Rats"
"Recommended for Rodents","Recommended for Rodents"
"EPA Registration Number","EPA Registration Number"
"Recommended for Squirrels","Recommended for Squirrels"
"Primary Usage","Primary Usage"
"Primary Active Ingredient","Primary Active Ingredient"
"Maximum Coverage Area","Maximum Coverage Area"
"Duration of Effectiveness","Duration of Effectiveness"
"Pest Control Type","Pest Control Type"
"Safer For Kids","Safer For Kids"
"Safer For Pets","Safer For Pets"
"Self-Drilling","Self-Drilling"
"Application Strength","Application Strength"
"Screws Included","Screws Included"
"Automatic Operation","Automatic Operation"
"Sound Indicator","Sound Indicator"
"Battery Size","Battery Size"
"Battery Required","Battery Required"
"Scan Depth","Scan Depth"
"Case Included","Case Included"
"Accuracy","Accuracy"
"Case Included","Case Included"
"Case Material","Case Material"
"Legs Included","Legs Included"
"Number of Vials","Number of Vials"
"Number of Vials Measuring Level","Number of Vials Measuring Level"
"Number of Vials Measuring Plumb","Number of Vials Measuring Plumb"
"Package Contents","Package Contents"
"Length","Length"
"Heavy Duty","Heavy Duty"
"Lighted","Lighted"
"Digital Display","Digital Display"
"Level Type","Level Type"
"Marking Tool Category","Marking Tool Category"
"Measuring Range","Measuring Range"
"Graduations/Resolution","Graduations/Resolution"
"Brand/Model Compatibility","Brand/Model Compatibility"
"Blade Material","Blade Material"
"Saw Blade Diameter","Saw Blade Diameter"
"Number of Teeth","Number of Teeth"
"Rim Type","Rim Type"
"Dado","Dado"
"Wet/Dry Cut Capability","Wet/Dry Cut Capability"
"Wood Cut Finish","Wood Cut Finish"
"Set/Individual","Set/Individual"
"Arbor Diameter","Arbor Diameter"
"Directional Setting","Directional Setting"
"Compatible with Handheld Circular Saws","Compatible with Handheld Circular Saws"
"Compatible with Benchtop/Stationary Saws","Compatible with Benchtop/Stationary Saws"
"Compatible with Tile and Cut-Off Saws","Compatible with Tile and Cut-Off Saws"
"For Use on Brick","For Use on Brick"
"For Use on Ceramic","For Use on Ceramic"
"For Use on Cinder Block","For Use on Cinder Block"
"For Use on Composite Decking","For Use on Composite Decking"
"For Use on Concrete","For Use on Concrete"
"For Use on Fiber Cement","For Use on Fiber Cement"
"For Use on Glass","For Use on Glass"
"For Use on Granite","For Use on Granite"
"For Use on Laminate","For Use on Laminate"
"For Use on Marble","For Use on Marble"
"For Use on Melamine","For Use on Melamine"
"For Use on Metal","For Use on Metal"
"For Use on Non-Ferrous Metals","For Use on Non-Ferrous Metals"
"For Use on Plastic","For Use on Plastic"
"For Use on Plywood","For Use on Plywood"
"For Use on Porcelain","For Use on Porcelain"
"For Use on Slate","For Use on Slate"
"For Use on Vinyl","For Use on Vinyl"
"For Use on Wood","For Use on Wood"
"For Use on Asphalt","For Use on Asphalt"
"Amps","Amps"
"Bevel Capacity","Bevel Capacity"
"Cord Length","Cord Length"
"Shoe Material","Shoe Material"
"Fence Included","Fence Included"
"Bevel Stop","Bevel Stop"
"Dust Collection","Dust Collection"
"Depth Control","Depth Control"
"Dust Blower","Dust Blower"
"Dust Chute","Dust Chute"
"Dust Chute Diameter","Dust Chute Diameter"
"Laser Guide","Laser Guide"
"Work Light","Work Light"
"Brake","Brake"
"Blade Material","Blade Material"
"Blade Side","Blade Side"
"Arbor Diameter","Arbor Diameter"
"Case Type","Case Type"
"Maximum Depth at 45 Degrees","Maximum Depth at 45 Degrees"
"Maximum Depth at 90 Degrees","Maximum Depth at 90 Degrees"
"Horsepower","Horsepower"
"Voltage","Voltage"
"Maximum Speed","Maximum Speed"
"Saw Blade Diameter","Saw Blade Diameter"
"Spindle Lock","Spindle Lock"
"Worm Drive","Worm Drive"
"Chuck Capacity","Chuck Capacity"
"Chuck Type","Chuck Type"
"Spindle Speed Settings","Spindle Speed Settings"
"Minimum Speed","Minimum Speed"
"Spindle Taper Size","Spindle Taper Size"
"Spindle Travel","Spindle Travel"
"Built-In Light","Built-In Light"
"Quick Release Belt Tension","Quick Release Belt Tension"
"Laser Guide","Laser Guide"
"Tilting and Swiveling Table","Tilting and Swiveling Table"
"Table Tilt Range","Table Tilt Range"
"Amps","Amps"
"Horsepower","Horsepower"
"Voltage","Voltage"
"Table Material","Table Material"
"Table Length","Table Length"
"Table Width","Table Width"
"Overall Height","Overall Height"
"Maximum Speed","Maximum Speed"
"Drill Press Type","Drill Press Type"
"Pivoting Head","Pivoting Head"
"Drawer Weight Capacity","Drawer Weight Capacity"
"Locking Casters/Wheels","Locking Casters/Wheels"
"Total Weight","Total Weight"
"Item Weight Rating","Item Weight Rating"
"Drawer Slide Type","Drawer Slide Type"
"Number of Drawers","Number of Drawers"
"Lock Type","Lock Type"
"Re-Key Technology","Re-Key Technology"
"Primary Material","Primary Material"
"Total Cubic Inches","Total Cubic Inches"
"Soft Close","Soft Close"
"Number of Casters/Wheels","Number of Casters/Wheels"
"Liner Included","Liner Included"
"Liner Material","Liner Material"
"Cart Wheel Size","Cart Wheel Size"
"Wheels Included","Wheels Included"
"Assembly Required","Assembly Required"
"Number of Handles","Number of Handles"
"Brand/Model Compatibility","Brand/Model Compatibility"
"Powder-coated","Powder-coated"
"Steel Gauge","Steel Gauge"
"Work Surface Included","Work Surface Included"
"Work Surface Material","Work Surface Material"
"Maximum Capacity","Maximum Capacity"
"Full-Extension Drawers","Full-Extension Drawers"
"Rolling","Rolling"
"Application","Application"
"Length","Length"
"Diameter Measurement","Diameter Measurement"
"Electrician Tool Type","Electrician Tool Type"
"Crimping Capacity","Crimping Capacity"
"Wire Cutting Capacity","Wire Cutting Capacity"
"Lockable","Lockable"
"Stripping Capacity","Stripping Capacity"
"Wire Type","Wire Type"
"Ratcheting","Ratcheting"
"Handle Length","Handle Length"
"Electrician Tool Type","Electrician Tool Type"
"Crimping Capacity","Crimping Capacity"
"Wire Cutting Capacity","Wire Cutting Capacity"
"Lockable","Lockable"
"Stripping Capacity","Stripping Capacity"
"Wire Type","Wire Type"
"Ratcheting","Ratcheting"
"Overall Length","Overall Length"
"Handle Length","Handle Length"
"Primary Application","Primary Application"
"Insulated","Insulated"
"Mailbox Type","Mailbox Type"
"Mounting Hardware Included","Mounting Hardware Included"
"Package Contents","Package Contents"
"Mailbox Type","Mailbox Type"
"Mounting Hardware Included","Mounting Hardware Included"
"Package Contents","Package Contents"
"Front and Rear Doors","Front and Rear Doors"
"Newspaper Slot Included","Newspaper Slot Included"
"Assembly Required","Assembly Required"
"Lockable","Lockable"
"Lock Included","Lock Included"
"Mounting Hardware Included","Mounting Hardware Included"
"Address Numbers Included","Address Numbers Included"
"Base Required","Base Required"
"Mounting Position or Type","Mounting Position or Type"
"Package Contents","Package Contents"
"Finish Family","Finish Family"
"Construction","Construction"
"Sub Type","Sub Type"
"Interior/Exterior","Interior/Exterior"
"Old or New Work","Old or New Work"
"Maximum Weight Supported","Maximum Weight Supported"
"Mounting Type","Mounting Type"
"Construction Type","Construction Type"
"Number of Knockouts/Holes","Number of Knockouts/Holes"
"Knockout Size","Knockout Size"
"Number of Gangs","Number of Gangs"
"Weatherproof","Weatherproof"
"Low Voltage","Low Voltage"
"Cover Included","Cover Included"
"Fire Rating in Hours","Fire Rating in Hours"
"GFCI Receptacle Included","GFCI Receptacle Included"
"Shape","Shape"
"Shade Included","Shade Included"
"Swag","Swag"
"Wire Length","Wire Length"
"Chain/Downrod Length","Chain/Downrod Length"
"Adjustable Height","Adjustable Height"
"Maximum Hanging Height","Maximum Hanging Height"
"Minimum Hanging Height","Minimum Hanging Height"
"Fixture Material","Fixture Material"
"Shade Material","Shade Material"
"Recommended Light Bulb Shape","Recommended Light Bulb Shape"
"Light Bulb Base Type","Light Bulb Base Type"
"For Use in Kitchens","For Use in Kitchens"
"For Use in Dining Rooms","For Use in Dining Rooms"
"For Use in Bathrooms","For Use in Bathrooms"
"For Use in Foyers","For Use in Foyers"
"For Use in Bedrooms","For Use in Bedrooms"
"For Use in Living Rooms","For Use in Living Rooms"
"Type of Hanging Device","Type of Hanging Device"
"Mounting Hardware Included","Mounting Hardware Included"
"Usage Rating","Usage Rating"
"Shade Color","Shade Color"
"Hanging Light","Hanging Light"
"Number of Bulbs Required","Number of Bulbs Required"
"Unit of Measure Quantity","Unit of Measure Quantity"
"Power Source","Power Source"
"Glass Type","Glass Type"
"Bulb Included","Bulb Included"
"Dark Sky","Dark Sky"
"Dusk-to-Dawn Sensor","Dusk-to-Dawn Sensor"
"Motion Sensor","Motion Sensor"
"Lighting Type","Lighting Type"
"Unit of Measure","Unit of Measure"
"Dimmable","Dimmable"
"Shape","Shape"
"Shade Included","Shade Included"
"Size","Size"
"Swag","Swag"
"Wire Length","Wire Length"
"Chain/Downrod Length","Chain/Downrod Length"
"Adjustable Height","Adjustable Height"
"Maximum Hanging Height","Maximum Hanging Height"
"Minimum Hanging Height","Minimum Hanging Height"
"Fixture Material","Fixture Material"
"Shade Material","Shade Material"
"Recommended Light Bulb Shape","Recommended Light Bulb Shape"
"Light Bulb Base Type","Light Bulb Base Type"
"For Use in Kitchens","For Use in Kitchens"
"For Use in Dining Rooms","For Use in Dining Rooms"
"For Use in Bathrooms","For Use in Bathrooms"
"For Use in Foyers","For Use in Foyers"
"For Use in Bedrooms","For Use in Bedrooms"
"For Use in Living Rooms","For Use in Living Rooms"
"Type of Hanging Device","Type of Hanging Device"
"Mounting Hardware Included","Mounting Hardware Included"
"Usage Rating","Usage Rating"
"Shade Color","Shade Color"
"Hanging Light","Hanging Light"
"Number of Bulbs Required","Number of Bulbs Required"
"Unit of Measure Quantity","Unit of Measure Quantity"
"Lighting Type","Lighting Type"
"Power Source","Power Source"
"Glass Type","Glass Type"
"Bulb Included","Bulb Included"
"Dark Sky","Dark Sky"
"Dusk-to-Dawn Sensor","Dusk-to-Dawn Sensor"
"Motion Sensor","Motion Sensor"
"Unit of Measure","Unit of Measure"
"Dimmable","Dimmable"
"Weight Capacity","Weight Capacity"
"Assembled Diameter","Assembled Diameter"
"Material","Material"
"Theme/Design","Theme/Design"
"Illumination Source","Illumination Source"
"Illumination Source Included","Illumination Source Included"
"Weather Resistant","Weather Resistant"
"Attracts What Bird Types","Attracts What Bird Types"
"Number of Perches","Number of Perches"
"Capacity","Capacity"
"Entrance Size","Entrance Size"
"Predator Proof","Predator Proof"
"Height","Height"
"Width","Width"
"Depth","Depth"
"Team Name","Team Name"
"Team/League","Team/League"
"Finish","Finish"
"Attracts What Bird Types","Attracts What Bird Types"
"Number of Perches","Number of Perches"
"Capacity","Capacity"
"Entrance Size","Entrance Size"
"Predator Proof","Predator Proof"
"Finish","Finish"
"Blade Finish","Blade Finish"
"Housing Color/Finish","Housing Color/Finish"
"Light Kit","Light Kit"
"Number of Bulbs Required","Number of Bulbs Required"
"Number of Lights","Number of Lights"
"Light Bulb Base Type","Light Bulb Base Type"
"Recommended Light Bulb Shape","Recommended Light Bulb Shape"
"Maximum Bulb Wattage","Maximum Bulb Wattage"
"High Speed Electricity Use","High Speed Electricity Use"
"Mounting Options","Mounting Options"
"Reverse Air Flow","Reverse Air Flow"
"Motor Type","Motor Type"
"Angle Mount Capable","Angle Mount Capable"
"Dual Fan Heads","Dual Fan Heads"
"Wattage Equivalent","Wattage Equivalent"
"Light Kit Type","Light Kit Type"
"Airflow","Airflow"
"Number of Speeds","Number of Speeds"
"Glass Type","Glass Type"
"Outdoor Usage Rating","Outdoor Usage Rating"
"Shade Material","Shade Material"
"Suggested Room Size","Suggested Room Size"
"For Use in Bathrooms","For Use in Bathrooms"
"Oscillating","Oscillating"
"Bulb Installation Type","Bulb Installation Type"
"For Use in Bedrooms","For Use in Bedrooms"
"For Use in Dining Rooms","For Use in Dining Rooms"
"For Use in Kitchens","For Use in Kitchens"
"For Use in Living Rooms","For Use in Living Rooms"
"Frosted Glass","Frosted Glass"
"Ladder Rating","Ladder Rating"
"Load Capacity","Load Capacity"
"Height","Height"
"Height to Platform","Height to Platform"
"Platform Width","Platform Width"
"Platform Length","Platform Length"
"Maximum Reach Height","Maximum Reach Height"
"Number of Steps","Number of Steps"
"Rung/Step Depth","Rung/Step Depth"
"Rung/Step Material","Rung/Step Material"
"Rung Type","Rung Type"
"Telescoping","Telescoping"
"Step Rise","Step Rise"
"Weather Resistant","Weather Resistant"
"ANSI Safety Listing","ANSI Safety Listing"
"OSHA Safety Listing","OSHA Safety Listing"
"Blade Finish","Blade Finish"
"Housing Color/Finish","Housing Color/Finish"
"Light Kit","Light Kit"
"Number of Bulbs Required","Number of Bulbs Required"
"Number of Lights","Number of Lights"
"Light Bulb Base Type","Light Bulb Base Type"
"Recommended Light Bulb Shape","Recommended Light Bulb Shape"
"Maximum Bulb Wattage","Maximum Bulb Wattage"
"High Speed Electricity Use","High Speed Electricity Use"
"Mounting Options","Mounting Options"
"Reverse Air Flow","Reverse Air Flow"
"Motor Type","Motor Type"
"Angle Mount Capable","Angle Mount Capable"
"Dual Fan Heads","Dual Fan Heads"
"Wattage Equivalent","Wattage Equivalent"
"Light Kit Type","Light Kit Type"
"Airflow","Airflow"
"Number of Speeds","Number of Speeds"
"Glass Type","Glass Type"
"Shade Material","Shade Material"
"Suggested Room Size","Suggested Room Size"
"Outdoor Usage Rating","Outdoor Usage Rating"
"For Use in Bathrooms","For Use in Bathrooms"
"Oscillating","Oscillating"
"Bulb Installation Type","Bulb Installation Type"
"For Use in Bedrooms","For Use in Bedrooms"
"For Use in Dining Rooms","For Use in Dining Rooms"
"For Use in Kitchens","For Use in Kitchens"
"For Use in Living Rooms","For Use in Living Rooms"
"Frosted Glass","Frosted Glass"
"Load Capacity","Load Capacity"
"Ladder Rating","Ladder Rating"
"Step Ladder Maximum Height","Step Ladder Maximum Height"
"Step Ladder Minimum Height","Step Ladder Minimum Height"
"Extension Ladder Maximum Height","Extension Ladder Maximum Height"
"Extension Ladder Minimum Height","Extension Ladder Minimum Height"
"Step Ladder Maximum Reach Height","Step Ladder Maximum Reach Height"
"Closed/Folded Minimum Height","Closed/Folded Minimum Height"
"Extension Ladder Max Reach Height","Extension Ladder Max Reach Height"
"Storage Height","Storage Height"
"Storage Depth","Storage Depth"
"Rung/Step Depth","Rung/Step Depth"
"Rung/Step Material","Rung/Step Material"
"Number of Steps","Number of Steps"
"Step Rise","Step Rise"
"Telescoping","Telescoping"
"Adjustable Leg Leveler","Adjustable Leg Leveler"
"Number of Positions","Number of Positions"
"Wheels","Wheels"
"ANSI Safety Listing","ANSI Safety Listing"
"OSHA Safety Listing","OSHA Safety Listing"
"Weather Resistant","Weather Resistant"
